"QTR","CLAIM_TYPE","BRAND","PAYER","METRIC","VALUE"
"2024Q4","NBRX","Abbvie","Commercial","RV_RATE",0.08505
"2024Q4","NBRX","Abbvie","Commercial","WD",85279
"2024Q4","NBRX","Abbvie","Commercial","WD_MARKET_SHARE",0.546482
"2024Q4","NBRX","Abbvie","Medicaid","FILL_RATE",0.419284
"2024Q4","NBRX","Abbvie","Medicaid","PD_CLAIMS",8371
"2024Q4","NBRX","Abbvie","Medicaid","PD_MARKET_SHARE",0.492267
"2024Q4","NBRX","Abbvie","Medicaid","RJ_RATE",0.532883
"2024Q4","NBRX","Abbvie","Medicaid","RV_RATE",0.047834
"2024Q4","NBRX","Abbvie","Medicaid","WD",19965
"2024Q4","NBRX","Abbvie","Medicaid","WD_MARKET_SHARE",0.509467
"2024Q4","NBRX","Abbvie","Medicare","FILL_RATE",0.427849
"2024Q4","NBRX","Abbvie","Medicare","PD_CLAIMS",9473
"2024Q4","NBRX","Abbvie","Medicare","PD_MARKET_SHARE",0.580418
"2024Q4","NBRX","Abbvie","Medicare","RJ_RATE",0.395375
"2024Q4","NBRX","Abbvie","Medicare","RV_RATE",0.176776
"2024Q4","NBRX","Abbvie","Medicare","WD",22141
"2024Q4","NBRX","Abbvie","Medicare","WD_MARKET_SHARE",0.55419
"2024Q4","NBRX","Abbvie","Others","FILL_RATE",0.383285
"2024Q4","NBRX","Abbvie","Others","PD_CLAIMS",5609
"2024Q4","NBRX","Abbvie","Others","PD_MARKET_SHARE",0.648589
"2024Q4","NBRX","Abbvie","Others","RJ_RATE",0.325407
"2024Q4","NBRX","Abbvie","Others","RV_RATE",0.291308
"2024Q4","NBRX","Abbvie","Others","WD",14634
"2024Q4","NBRX","Abbvie","Others","WD_MARKET_SHARE",0.522662
"2024Q4","NBRX","Abbvie","Overall","FILL_RATE",0.567663
"2024Q4","NBRX","Abbvie","Overall","PD_CLAIMS",80619
"2024Q4","NBRX","Abbvie","Overall","PD_MARKET_SHARE",0.596312
"2024Q4","NBRX","Abbvie","Overall","RJ_RATE",0.316965
"2024Q4","NBRX","Abbvie","Overall","RV_RATE",0.115372
"2024Q4","NBRX","Abbvie","Overall","WD",142019
"2024Q4","NBRX","Abbvie","Overall","WD_MARKET_SHARE",0.539606
"2024Q4","NBRX","Nurtec","Commercial","FILL_RATE",0.509467
"2024Q4","NBRX","Nurtec","Commercial","PD_CLAIMS",36056
"2024Q4","NBRX","Nurtec","Commercial","PD_MARKET_SHARE",0.386776
"2024Q4","NBRX","Nurtec","Commercial","RJ_RATE",0.425945
"2024Q4","NBRX","Nurtec","Commercial","RV_RATE",0.064588
"2024Q4","NBRX","Nurtec","Commercial","WD",70772
"2024Q4","NBRX","Nurtec","Commercial","WD_MARKET_SHARE",0.453518
"2024Q4","NBRX","Nurtec","Medicaid","FILL_RATE",0.449149
"2024Q4","NBRX","Nurtec","Medicaid","PD_CLAIMS",8634
"2024Q4","NBRX","Nurtec","Medicaid","PD_MARKET_SHARE",0.507733
"2024Q4","NBRX","Nurtec","Medicaid","RJ_RATE",0.499818
"2024Q4","NBRX","Nurtec","Medicaid","RV_RATE",0.051033
"2024Q4","NBRX","Nurtec","Medicaid","WD",19223
"2024Q4","NBRX","Nurtec","Medicaid","WD_MARKET_SHARE",0.490533
"2024Q4","NBRX","Nurtec","Medicare","FILL_RATE",0.384482
"2024Q4","NBRX","Nurtec","Medicare","PD_CLAIMS",6848
"2024Q4","NBRX","Nurtec","Medicare","PD_MARKET_SHARE",0.419582
"2024Q4","NBRX","Nurtec","Medicare","RJ_RATE",0.439335
"2024Q4","NBRX","Nurtec","Medicare","RV_RATE",0.176183
"2024Q4","NBRX","Nurtec","Medicare","WD",17811
"2024Q4","NBRX","Nurtec","Medicare","WD_MARKET_SHARE",0.44581
"2024Q4","NBRX","Nurtec","Others","FILL_RATE",0.227385
"2024Q4","NBRX","Nurtec","Others","PD_CLAIMS",3039
"2024Q4","NBRX","Nurtec","Others","PD_MARKET_SHARE",0.351411
"2024Q4","NBRX","Nurtec","Others","RJ_RATE",0.410026
"2024Q4","NBRX","Nurtec","Others","RV_RATE",0.362589
"2024Q4","NBRX","Nurtec","Others","WD",13365
"2024Q4","NBRX","Nurtec","Others","WD_MARKET_SHARE",0.477338
"2024Q4","NBRX","Nurtec","Overall","FILL_RATE",0.450413
"2024Q4","NBRX","Nurtec","Overall","PD_CLAIMS",54577
"2024Q4","NBRX","Nurtec","Overall","PD_MARKET_SHARE",0.403688
"2024Q4","NBRX","Nurtec","Overall","RJ_RATE",0.437877
"2024Q4","NBRX","Nurtec","Overall","RV_RATE",0.11171
"2024Q4","NBRX","Nurtec","Overall","WD",121171
"2024Q4","NBRX","Nurtec","Overall","WD_MARKET_SHARE",0.460394
"2024Q1","TRX","Abbvie","Others","WD",48245
"2024Q1","TRX","Abbvie","Others","WD_MARKET_SHARE",0.555844
"2024Q1","TRX","Abbvie","Overall","FILL_RATE",0.755743
"2024Q1","TRX","Abbvie","Overall","PD_CLAIMS",497558
"2024Q1","TRX","Abbvie","Overall","PD_MARKET_SHARE",0.55388
"2024Q1","TRX","Abbvie","Overall","RJ_RATE",0.158127
"2024Q1","TRX","Abbvie","Overall","RV_RATE",0.08613
"2024Q1","TRX","Abbvie","Overall","WD",658369
"2024Q1","TRX","Abbvie","Overall","WD_MARKET_SHARE",0.54225
"2024Q1","TRX","Nurtec","Commercial","FILL_RATE",0.747069
"2024Q1","TRX","Nurtec","Commercial","PD_CLAIMS",264596
"2024Q1","TRX","Nurtec","Commercial","PD_MARKET_SHARE",0.431032
"2024Q1","TRX","Nurtec","Commercial","RJ_RATE",0.177998
"2024Q1","TRX","Nurtec","Commercial","RV_RATE",0.074934
"2024Q1","TRX","Nurtec","Commercial","WD",354179
"2024Q1","TRX","Nurtec","Commercial","WD_MARKET_SHARE",0.444127
"2024Q1","TRX","Nurtec","Medicaid","FILL_RATE",0.73006
"2024Q1","TRX","Nurtec","Medicaid","PD_CLAIMS",63662
"2024Q1","TRX","Nurtec","Medicaid","PD_MARKET_SHARE",0.531425
"2024Q1","TRX","Nurtec","Medicaid","RJ_RATE",0.222222
"2024Q1","TRX","Nurtec","Medicaid","RV_RATE",0.047717
"2024Q1","TRX","Nurtec","Medicaid","WD",87201
"2024Q1","TRX","Nurtec","Medicaid","WD_MARKET_SHARE",0.524221
"2024Q1","TRX","Nurtec","Medicare","FILL_RATE",0.71859
"2024Q1","TRX","Nurtec","Medicare","PD_CLAIMS",54500
"2024Q1","TRX","Nurtec","Medicare","PD_MARKET_SHARE",0.460907
"2024Q1","TRX","Nurtec","Medicare","RJ_RATE",0.160595
"2024Q1","TRX","Nurtec","Medicare","RV_RATE",0.120815
"2024Q1","TRX","Nurtec","Medicare","WD",75843
"2024Q1","TRX","Nurtec","Medicare","WD_MARKET_SHARE",0.463786
"2024Q1","TRX","Nurtec","Others","FILL_RATE",0.466836
"2024Q1","TRX","Nurtec","Others","PD_CLAIMS",17997
"2024Q1","TRX","Nurtec","Others","PD_MARKET_SHARE",0.387808
"2024Q1","TRX","Nurtec","Others","RJ_RATE",0.238619
"2024Q1","TRX","Nurtec","Others","RV_RATE",0.294545
"2024Q1","TRX","Nurtec","Others","WD",38551
"2024Q1","TRX","Nurtec","Others","WD_MARKET_SHARE",0.444156
"2024Q1","TRX","Nurtec","Overall","FILL_RATE",0.721075
"2024Q1","TRX","Nurtec","Overall","PD_CLAIMS",400755
"2024Q1","TRX","Nurtec","Overall","PD_MARKET_SHARE",0.44612
"2024Q1","TRX","Nurtec","Overall","RJ_RATE",0.186767
"2024Q1","TRX","Nurtec","Overall","RV_RATE",0.092158
"2024Q1","TRX","Nurtec","Overall","WD",555774
"2024Q1","TRX","Nurtec","Overall","WD_MARKET_SHARE",0.45775
"2024Q2","NBRX","Abbvie","Commercial","FILL_RATE",0.72394
"2024Q2","NBRX","Abbvie","Commercial","PD_CLAIMS",66756
"2024Q2","NBRX","Abbvie","Commercial","PD_MARKET_SHARE",0.617842
"2024Q2","NBRX","Abbvie","Commercial","RJ_RATE",0.20301
"2024Q2","NBRX","Abbvie","Commercial","RV_RATE",0.073049
"2024Q2","NBRX","Abbvie","Commercial","WD",92212
"2024Q2","NBRX","Abbvie","Commercial","WD_MARKET_SHARE",0.557135
"2024Q2","NBRX","Abbvie","Medicaid","FILL_RATE",0.482175
"2024Q2","NBRX","Abbvie","Medicaid","PD_CLAIMS",9630
"2024Q2","NBRX","Abbvie","Medicaid","PD_MARKET_SHARE",0.496853
"2024Q2","NBRX","Abbvie","Medicaid","RJ_RATE",0.471961
"2024Q2","NBRX","Abbvie","Medicaid","RV_RATE",0.045864
"2024Q2","NBRX","Abbvie","Medicaid","WD",19972
"2024Q2","NBRX","Abbvie","Medicaid","WD_MARKET_SHARE",0.508763
"2024Q2","NBRX","Abbvie","Medicare","FILL_RATE",0.493076
"2024Q2","NBRX","Abbvie","Medicare","PD_CLAIMS",11323
"2024Q2","NBRX","Abbvie","Medicare","PD_MARKET_SHARE",0.58711
"2024Q2","NBRX","Abbvie","Medicare","RJ_RATE",0.333261
"2024Q2","NBRX","Abbvie","Medicare","RV_RATE",0.173663
"2024Q2","NBRX","Abbvie","Medicare","WD",22964
"2024Q2","NBRX","Abbvie","Medicare","WD_MARKET_SHARE",0.56276
"2023Q4","TRX","Nurtec","Commercial","FILL_RATE",0.778413
"2023Q4","TRX","Nurtec","Commercial","PD_CLAIMS",281528
"2023Q4","TRX","Nurtec","Commercial","PD_MARKET_SHARE",0.445523
"2023Q4","TRX","Nurtec","Commercial","RJ_RATE",0.165674
"2023Q4","TRX","Nurtec","Commercial","RV_RATE",0.055913
"2023Q4","TRX","Nurtec","Commercial","WD",361669
"2023Q4","TRX","Nurtec","Commercial","WD_MARKET_SHARE",0.450878
"2023Q4","TRX","Nurtec","Medicaid","FILL_RATE",0.743308
"2023Q4","TRX","Nurtec","Medicaid","PD_CLAIMS",66260
"2023Q4","TRX","Nurtec","Medicaid","PD_MARKET_SHARE",0.531053
"2023Q4","TRX","Nurtec","Medicaid","RJ_RATE",0.202654
"2023Q4","TRX","Nurtec","Medicaid","RV_RATE",0.054037
"2023Q4","TRX","Nurtec","Medicaid","WD",89142
"2023Q4","TRX","Nurtec","Medicaid","WD_MARKET_SHARE",0.52306
"2023Q4","TRX","Nurtec","Medicare","FILL_RATE",0.735631
"2023Q4","TRX","Nurtec","Medicare","PD_CLAIMS",54742
"2023Q4","TRX","Nurtec","Medicare","PD_MARKET_SHARE",0.481986
"2023Q4","TRX","Nurtec","Medicare","RJ_RATE",0.169684
"2023Q4","TRX","Nurtec","Medicare","RV_RATE",0.094685
"2023Q4","TRX","Nurtec","Medicare","WD",74415
"2023Q4","TRX","Nurtec","Medicare","WD_MARKET_SHARE",0.477561
"2023Q4","TRX","Nurtec","Others","FILL_RATE",0.528224
"2023Q4","TRX","Nurtec","Others","PD_CLAIMS",18837
"2023Q4","TRX","Nurtec","Others","PD_MARKET_SHARE",0.421438
"2023Q4","TRX","Nurtec","Others","RJ_RATE",0.224223
"2023Q4","TRX","Nurtec","Others","RV_RATE",0.247553
"2023Q4","TRX","Nurtec","Others","WD",35661
"2023Q4","TRX","Nurtec","Others","WD_MARKET_SHARE",0.449975
"2023Q4","TRX","Nurtec","Overall","FILL_RATE",0.751251
"2023Q4","TRX","Nurtec","Overall","PD_CLAIMS",421367
"2023Q4","TRX","Nurtec","Overall","PD_MARKET_SHARE",0.460536
"2023Q4","TRX","Nurtec","Overall","RJ_RATE",0.175805
"2023Q4","TRX","Nurtec","Overall","RV_RATE",0.072943
"2023Q4","TRX","Nurtec","Overall","WD",560887
"2023Q4","TRX","Nurtec","Overall","WD_MARKET_SHARE",0.464448
"2024Q1","NBRX","Abbvie","Commercial","FILL_RATE",0.680515
"2024Q1","NBRX","Abbvie","Commercial","PD_CLAIMS",48371
"2024Q1","NBRX","Abbvie","Commercial","PD_MARKET_SHARE",0.622543
"2024Q1","NBRX","Abbvie","Commercial","RJ_RATE",0.240194
"2024Q1","NBRX","Abbvie","Commercial","RV_RATE",0.079291
"2024Q1","NBRX","Abbvie","Commercial","WD",71080
"2024Q1","NBRX","Abbvie","Commercial","WD_MARKET_SHARE",0.538881
"2024Q1","NBRX","Abbvie","Medicaid","FILL_RATE",0.407458
"2024Q1","NBRX","Abbvie","Medicaid","PD_CLAIMS",6316
"2024Q1","NBRX","Abbvie","Medicaid","PD_MARKET_SHARE",0.463934
"2024Q1","NBRX","Abbvie","Medicaid","RJ_RATE",0.552287
"2024Q1","NBRX","Abbvie","Medicaid","RV_RATE",0.040255
"2024Q1","NBRX","Abbvie","Medicaid","WD",15501
"2024Q1","NBRX","Abbvie","Medicaid","WD_MARKET_SHARE",0.488005
"2024Q1","NBRX","Abbvie","Medicare","FILL_RATE",0.479978
"2024Q1","NBRX","Abbvie","Medicare","PD_CLAIMS",8906
"2024Q1","NBRX","Abbvie","Medicare","PD_MARKET_SHARE",0.565353
"2024Q1","NBRX","Abbvie","Medicare","RJ_RATE",0.321746
"2024Q1","NBRX","Abbvie","Medicare","RV_RATE",0.198275
"2024Q1","NBRX","Abbvie","Medicare","WD",18555
"2024Q1","NBRX","Abbvie","Medicare","WD_MARKET_SHARE",0.546523
"2024Q1","NBRX","Abbvie","Others","FILL_RATE",0.406614
"2024Q1","NBRX","Abbvie","Others","PD_CLAIMS",5127
"2024Q1","NBRX","Abbvie","Others","PD_MARKET_SHARE",0.631793
"2024Q1","NBRX","Abbvie","Others","RJ_RATE",0.29471
"2024Q1","NBRX","Abbvie","Others","RV_RATE",0.298676
"2024Q1","NBRX","Abbvie","Others","WD",12609
"2024Q1","NBRX","Abbvie","Others","WD_MARKET_SHARE",0.515874
"2024Q1","NBRX","Abbvie","Overall","FILL_RATE",0.583634
"2024Q1","NBRX","Abbvie","Overall","PD_CLAIMS",68720
"2024Q3","TRX","Abbvie","Medicaid","PD_CLAIMS",77352
"2024Q3","TRX","Abbvie","Medicaid","PD_MARKET_SHARE",0.49517
"2024Q3","TRX","Abbvie","Medicaid","RJ_RATE",0.217107
"2024Q3","TRX","Abbvie","Medicaid","RV_RATE",0.051971
"2024Q3","TRX","Abbvie","Medicaid","WD",105828
"2024Q3","TRX","Abbvie","Medicaid","WD_MARKET_SHARE",0.498688
"2024Q3","TRX","Abbvie","Medicare","FILL_RATE",0.741706
"2024Q3","TRX","Abbvie","Medicare","PD_CLAIMS",93538
"2024Q3","TRX","Abbvie","Medicare","PD_MARKET_SHARE",0.571367
"2024Q3","TRX","Abbvie","Medicare","RJ_RATE",0.146576
"2024Q3","TRX","Abbvie","Medicare","RV_RATE",0.111718
"2024Q3","TRX","Abbvie","Medicare","WD",126112
"2024Q3","TRX","Abbvie","Medicare","WD_MARKET_SHARE",0.568361
"2024Q3","TRX","Abbvie","Others","FILL_RATE",0.612398
"2024Q3","TRX","Abbvie","Others","PD_CLAIMS",39635
"2024Q3","TRX","Abbvie","Others","PD_MARKET_SHARE",0.58395
"2024Q3","TRX","Abbvie","Others","RJ_RATE",0.19564
"2024Q3","TRX","Abbvie","Others","RV_RATE",0.191962
"2024Q3","TRX","Abbvie","Others","WD",64721
"2024Q3","TRX","Abbvie","Others","WD_MARKET_SHARE",0.561517
"2024Q3","TRX","Abbvie","Overall","FILL_RATE",0.772614
"2024Q3","TRX","Abbvie","Overall","PD_CLAIMS",695353
"2024Q3","TRX","Abbvie","Overall","PD_MARKET_SHARE",0.558784
"2024Q3","TRX","Abbvie","Overall","RJ_RATE",0.149752
"2024Q3","TRX","Abbvie","Overall","RV_RATE",0.077633
"2024Q3","TRX","Abbvie","Overall","WD",900000
"2024Q3","TRX","Abbvie","Overall","WD_MARKET_SHARE",0.555198
"2024Q3","TRX","Nurtec","Commercial","FILL_RATE",0.79382
"2024Q3","TRX","Nurtec","Commercial","PD_CLAIMS",371780
"2024Q3","TRX","Nurtec","Commercial","PD_MARKET_SHARE",0.434014
"2024Q3","TRX","Nurtec","Commercial","RJ_RATE",0.152243
"2024Q3","TRX","Nurtec","Commercial","RV_RATE",0.053937
"2024Q3","TRX","Nurtec","Commercial","WD",468343
"2024Q3","TRX","Nurtec","Commercial","WD_MARKET_SHARE",0.437017
"2024Q3","TRX","Nurtec","Medicaid","FILL_RATE",0.741279
"2024Q3","TRX","Nurtec","Medicaid","PD_CLAIMS",78861
"2024Q3","TRX","Nurtec","Medicaid","PD_MARKET_SHARE",0.50483
"2024Q3","TRX","Nurtec","Medicaid","RJ_RATE",0.204982
"2024Q3","TRX","Nurtec","Medicaid","RV_RATE",0.053739
"2024Q3","TRX","Nurtec","Medicaid","WD",106385
"2024Q3","TRX","Nurtec","Medicaid","WD_MARKET_SHARE",0.501312
"2024Q3","TRX","Nurtec","Medicare","FILL_RATE",0.732665
"2024Q3","TRX","Nurtec","Medicare","PD_CLAIMS",70171
"2024Q3","TRX","Nurtec","Medicare","PD_MARKET_SHARE",0.428633
"2024Q3","TRX","Nurtec","Medicare","RJ_RATE",0.159781
"2024Q3","TRX","Nurtec","Medicare","RV_RATE",0.107554
"2024Q3","TRX","Nurtec","Medicare","WD",95775
"2024Q3","TRX","Nurtec","Medicare","WD_MARKET_SHARE",0.431639
"2024Q3","TRX","Nurtec","Others","FILL_RATE",0.558746
"2024Q3","TRX","Nurtec","Others","PD_CLAIMS",28239
"2024Q3","TRX","Nurtec","Others","PD_MARKET_SHARE",0.41605
"2024Q3","TRX","Nurtec","Others","RJ_RATE",0.221686
"2024Q3","TRX","Nurtec","Others","RV_RATE",0.219569
"2024Q3","TRX","Nurtec","Others","WD",50540
"2024Q3","TRX","Nurtec","Others","WD_MARKET_SHARE",0.438483
"2024Q3","TRX","Nurtec","Overall","FILL_RATE",0.761468
"2024Q3","TRX","Nurtec","Overall","PD_CLAIMS",549051
"2024Q3","TRX","Nurtec","Overall","PD_MARKET_SHARE",0.441216
"2024Q3","TRX","Nurtec","Overall","RJ_RATE",0.165893
"2024Q3","TRX","Nurtec","Overall","RV_RATE",0.072639
"2024Q3","TRX","Nurtec","Overall","WD",721043
"2024Q3","TRX","Nurtec","Overall","WD_MARKET_SHARE",0.444802
"2024Q4","NBRX","Abbvie","Commercial","FILL_RATE",0.670341
"2024Q4","NBRX","Abbvie","Commercial","PD_CLAIMS",57166
"2024Q4","NBRX","Abbvie","Commercial","PD_MARKET_SHARE",0.613224
"2024Q4","NBRX","Abbvie","Commercial","RJ_RATE",0.244609
"2024Q2","TRX","Abbvie","Medicare","RJ_RATE",0.15989
"2024Q2","TRX","Abbvie","Medicare","RV_RATE",0.112385
"2024Q2","TRX","Abbvie","Medicare","WD",100200
"2024Q2","TRX","Abbvie","Medicare","WD_MARKET_SHARE",0.552468
"2024Q2","TRX","Abbvie","Others","FILL_RATE",0.610237
"2024Q2","TRX","Abbvie","Others","PD_CLAIMS",32940
"2024Q2","TRX","Abbvie","Others","PD_MARKET_SHARE",0.595208
"2024Q2","TRX","Abbvie","Others","RJ_RATE",0.188203
"2024Q2","TRX","Abbvie","Others","RV_RATE",0.20156
"2024Q2","TRX","Abbvie","Others","WD",53979
"2024Q2","TRX","Abbvie","Others","WD_MARKET_SHARE",0.564912
"2024Q2","TRX","Abbvie","Overall","FILL_RATE",0.771582
"2024Q2","TRX","Abbvie","Overall","PD_CLAIMS",574645
"2024Q2","TRX","Abbvie","Overall","PD_MARKET_SHARE",0.554441
"2024Q2","TRX","Abbvie","Overall","RJ_RATE",0.149531
"2024Q2","TRX","Abbvie","Overall","RV_RATE",0.078887
"2024Q2","TRX","Abbvie","Overall","WD",744762
"2024Q2","TRX","Abbvie","Overall","WD_MARKET_SHARE",0.549429
"2024Q2","TRX","Nurtec","Commercial","FILL_RATE",0.791944
"2024Q2","TRX","Nurtec","Commercial","PD_CLAIMS",313643
"2024Q2","TRX","Nurtec","Commercial","PD_MARKET_SHARE",0.435728
"2024Q2","TRX","Nurtec","Commercial","RJ_RATE",0.155405
"2024Q2","TRX","Nurtec","Commercial","RV_RATE",0.052651
"2024Q2","TRX","Nurtec","Commercial","WD",396042
"2024Q2","TRX","Nurtec","Commercial","WD_MARKET_SHARE",0.440166
"2024Q2","TRX","Nurtec","Medicaid","FILL_RATE",0.736382
"2024Q2","TRX","Nurtec","Medicaid","PD_CLAIMS",67728
"2024Q2","TRX","Nurtec","Medicaid","PD_MARKET_SHARE",0.519606
"2024Q2","TRX","Nurtec","Medicaid","RJ_RATE",0.212778
"2024Q2","TRX","Nurtec","Medicaid","RV_RATE",0.05084
"2024Q2","TRX","Nurtec","Medicaid","WD",91974
"2024Q2","TRX","Nurtec","Medicaid","WD_MARKET_SHARE",0.514275
"2024Q2","TRX","Nurtec","Medicare","FILL_RATE",0.714838
"2024Q2","TRX","Nurtec","Medicare","PD_CLAIMS",58022
"2024Q2","TRX","Nurtec","Medicare","PD_MARKET_SHARE",0.443119
"2024Q2","TRX","Nurtec","Medicare","RJ_RATE",0.1815
"2024Q2","TRX","Nurtec","Medicare","RV_RATE",0.103662
"2024Q2","TRX","Nurtec","Medicare","WD",81168
"2024Q2","TRX","Nurtec","Medicare","WD_MARKET_SHARE",0.447532
"2024Q2","TRX","Nurtec","Others","FILL_RATE",0.538846
"2024Q2","TRX","Nurtec","Others","PD_CLAIMS",22402
"2024Q2","TRX","Nurtec","Others","PD_MARKET_SHARE",0.404792
"2024Q2","TRX","Nurtec","Others","RJ_RATE",0.225333
"2024Q2","TRX","Nurtec","Others","RV_RATE",0.23582
"2024Q2","TRX","Nurtec","Others","WD",41574
"2024Q2","TRX","Nurtec","Others","WD_MARKET_SHARE",0.435088
"2024Q2","TRX","Nurtec","Overall","FILL_RATE",0.756101
"2024Q2","TRX","Nurtec","Overall","PD_CLAIMS",461795
"2024Q2","TRX","Nurtec","Overall","PD_MARKET_SHARE",0.445559
"2024Q2","TRX","Nurtec","Overall","RJ_RATE",0.172273
"2024Q2","TRX","Nurtec","Overall","RV_RATE",0.071626
"2024Q2","TRX","Nurtec","Overall","WD",610758
"2024Q2","TRX","Nurtec","Overall","WD_MARKET_SHARE",0.450571
"2024Q3","NBRX","Abbvie","Commercial","FILL_RATE",0.674984
"2024Q3","NBRX","Abbvie","Commercial","PD_CLAIMS",63136
"2024Q3","NBRX","Abbvie","Commercial","PD_MARKET_SHARE",0.619795
"2024Q3","NBRX","Abbvie","Commercial","RJ_RATE",0.249217
"2024Q3","NBRX","Abbvie","Commercial","RV_RATE",0.075799
"2024Q3","NBRX","Abbvie","Commercial","WD",93537
"2024Q3","NBRX","Abbvie","Commercial","WD_MARKET_SHARE",0.561278
"2024Q3","NBRX","Abbvie","Medicaid","FILL_RATE",0.438867
"2024Q3","NBRX","Abbvie","Medicaid","PD_CLAIMS",8988
"2024Q3","NBRX","Abbvie","Medicaid","PD_MARKET_SHARE",0.495288
"2024Q3","NBRX","Abbvie","Medicaid","RJ_RATE",0.513281
"2024Q3","NBRX","Abbvie","Medicaid","RV_RATE",0.047852
"2024Q3","NBRX","Abbvie","Medicaid","WD",20480
"2024Q2","NBRX","Abbvie","Others","FILL_RATE",0.445475
"2024Q2","NBRX","Abbvie","Others","PD_CLAIMS",6389
"2024Q2","NBRX","Abbvie","Others","PD_MARKET_SHARE",0.61168
"2024Q2","NBRX","Abbvie","Others","RJ_RATE",0.293265
"2024Q2","NBRX","Abbvie","Others","RV_RATE",0.261261
"2024Q2","NBRX","Abbvie","Others","WD",14342
"2024Q2","NBRX","Abbvie","Others","WD_MARKET_SHARE",0.519694
"2024Q2","NBRX","Abbvie","Overall","FILL_RATE",0.62946
"2024Q2","NBRX","Abbvie","Overall","PD_CLAIMS",94098
"2024Q2","NBRX","Abbvie","Overall","PD_MARKET_SHARE",0.59874
"2024Q2","NBRX","Abbvie","Overall","RJ_RATE",0.26761
"2024Q2","NBRX","Abbvie","Overall","RV_RATE",0.10293
"2024Q2","NBRX","Abbvie","Overall","WD",149490
"2024Q2","NBRX","Abbvie","Overall","WD_MARKET_SHARE",0.547242
"2024Q2","NBRX","Nurtec","Commercial","FILL_RATE",0.563323
"2024Q2","NBRX","Nurtec","Commercial","PD_CLAIMS",41291
"2024Q2","NBRX","Nurtec","Commercial","PD_MARKET_SHARE",0.382158
"2024Q2","NBRX","Nurtec","Commercial","RJ_RATE",0.3792
"2024Q2","NBRX","Nurtec","Commercial","RV_RATE",0.057477
"2024Q2","NBRX","Nurtec","Commercial","WD",73299
"2024Q2","NBRX","Nurtec","Commercial","WD_MARKET_SHARE",0.442865
"2024Q2","NBRX","Nurtec","Medicaid","FILL_RATE",0.505704
"2024Q2","NBRX","Nurtec","Medicaid","PD_CLAIMS",9752
"2024Q2","NBRX","Nurtec","Medicaid","PD_MARKET_SHARE",0.503147
"2024Q2","NBRX","Nurtec","Medicaid","RJ_RATE",0.44638
"2024Q2","NBRX","Nurtec","Medicaid","RV_RATE",0.047915
"2024Q2","NBRX","Nurtec","Medicaid","WD",19284
"2024Q2","NBRX","Nurtec","Medicaid","WD_MARKET_SHARE",0.491237
"2024Q2","NBRX","Nurtec","Medicare","FILL_RATE",0.446306
"2024Q2","NBRX","Nurtec","Medicare","PD_CLAIMS",7963
"2024Q2","NBRX","Nurtec","Medicare","PD_MARKET_SHARE",0.41289
"2024Q2","NBRX","Nurtec","Medicare","RJ_RATE",0.39564
"2024Q2","NBRX","Nurtec","Medicare","RV_RATE",0.158054
"2024Q2","NBRX","Nurtec","Medicare","WD",17842
"2024Q2","NBRX","Nurtec","Medicare","WD_MARKET_SHARE",0.43724
"2024Q2","NBRX","Nurtec","Others","FILL_RATE",0.305998
"2024Q2","NBRX","Nurtec","Others","PD_CLAIMS",4056
"2024Q2","NBRX","Nurtec","Others","PD_MARKET_SHARE",0.38832
"2024Q2","NBRX","Nurtec","Others","RJ_RATE",0.36341
"2024Q2","NBRX","Nurtec","Others","RV_RATE",0.330592
"2024Q2","NBRX","Nurtec","Others","WD",13255
"2024Q2","NBRX","Nurtec","Others","WD_MARKET_SHARE",0.480306
"2024Q2","NBRX","Nurtec","Overall","FILL_RATE",0.50988
"2024Q2","NBRX","Nurtec","Overall","PD_CLAIMS",63062
"2024Q2","NBRX","Nurtec","Overall","PD_MARKET_SHARE",0.40126
"2024Q2","NBRX","Nurtec","Overall","RJ_RATE",0.390354
"2024Q2","NBRX","Nurtec","Overall","RV_RATE",0.099766
"2024Q2","NBRX","Nurtec","Overall","WD",123680
"2024Q2","NBRX","Nurtec","Overall","WD_MARKET_SHARE",0.452758
"2024Q2","TRX","Abbvie","Commercial","FILL_RATE",0.806349
"2024Q2","TRX","Abbvie","Commercial","PD_CLAIMS",406170
"2024Q2","TRX","Abbvie","Commercial","PD_MARKET_SHARE",0.564272
"2024Q2","TRX","Abbvie","Commercial","RJ_RATE",0.129663
"2024Q2","TRX","Abbvie","Commercial","RV_RATE",0.063989
"2024Q2","TRX","Abbvie","Commercial","WD",503715
"2024Q2","TRX","Abbvie","Commercial","WD_MARKET_SHARE",0.559834
"2024Q2","TRX","Abbvie","Medicaid","FILL_RATE",0.720829
"2024Q2","TRX","Abbvie","Medicaid","PD_CLAIMS",62617
"2024Q2","TRX","Abbvie","Medicaid","PD_MARKET_SHARE",0.480394
"2024Q2","TRX","Abbvie","Medicaid","RJ_RATE",0.228761
"2024Q2","TRX","Abbvie","Medicaid","RV_RATE",0.05041
"2024Q2","TRX","Abbvie","Medicaid","WD",86868
"2024Q2","TRX","Abbvie","Medicaid","WD_MARKET_SHARE",0.485725
"2024Q2","TRX","Abbvie","Medicare","FILL_RATE",0.727725
"2024Q2","TRX","Abbvie","Medicare","PD_CLAIMS",72918
"2024Q2","TRX","Abbvie","Medicare","PD_MARKET_SHARE",0.556881
"2024Q1","NBRX","Abbvie","Overall","PD_MARKET_SHARE",0.596626
"2024Q1","NBRX","Abbvie","Overall","RJ_RATE",0.29997
"2024Q1","NBRX","Abbvie","Overall","RV_RATE",0.116396
"2024Q1","NBRX","Abbvie","Overall","WD",117745
"2024Q1","NBRX","Abbvie","Overall","WD_MARKET_SHARE",0.53024
"2024Q1","NBRX","Nurtec","Commercial","FILL_RATE",0.482186
"2024Q1","NBRX","Nurtec","Commercial","PD_CLAIMS",29328
"2024Q1","NBRX","Nurtec","Commercial","PD_MARKET_SHARE",0.377457
"2024Q1","NBRX","Nurtec","Commercial","RJ_RATE",0.441494
"2024Q1","NBRX","Nurtec","Commercial","RV_RATE",0.07632
"2024Q1","NBRX","Nurtec","Commercial","WD",60823
"2024Q1","NBRX","Nurtec","Commercial","WD_MARKET_SHARE",0.461119
"2024Q1","NBRX","Nurtec","Medicaid","FILL_RATE",0.448749
"2024Q1","NBRX","Nurtec","Medicaid","PD_CLAIMS",7298
"2024Q1","NBRX","Nurtec","Medicaid","PD_MARKET_SHARE",0.536066
"2024Q1","NBRX","Nurtec","Medicaid","RJ_RATE",0.507225
"2024Q1","NBRX","Nurtec","Medicaid","RV_RATE",0.044026
"2024Q1","NBRX","Nurtec","Medicaid","WD",16263
"2024Q1","NBRX","Nurtec","Medicaid","WD_MARKET_SHARE",0.511995
"2024Q1","NBRX","Nurtec","Medicare","FILL_RATE",0.444726
"2024Q1","NBRX","Nurtec","Medicare","PD_CLAIMS",6847
"2024Q1","NBRX","Nurtec","Medicare","PD_MARKET_SHARE",0.434647
"2024Q1","NBRX","Nurtec","Medicare","RJ_RATE",0.366784
"2024Q1","NBRX","Nurtec","Medicare","RV_RATE",0.188491
"2024Q1","NBRX","Nurtec","Medicare","WD",15396
"2024Q1","NBRX","Nurtec","Medicare","WD_MARKET_SHARE",0.453477
"2024Q1","NBRX","Nurtec","Others","FILL_RATE",0.252514
"2024Q1","NBRX","Nurtec","Others","PD_CLAIMS",2988
"2024Q1","NBRX","Nurtec","Others","PD_MARKET_SHARE",0.368207
"2024Q1","NBRX","Nurtec","Others","RJ_RATE",0.361785
"2024Q1","NBRX","Nurtec","Others","RV_RATE",0.385701
"2024Q1","NBRX","Nurtec","Others","WD",11833
"2024Q1","NBRX","Nurtec","Others","WD_MARKET_SHARE",0.484126
"2024Q1","NBRX","Nurtec","Overall","FILL_RATE",0.445391
"2024Q1","NBRX","Nurtec","Overall","PD_CLAIMS",46461
"2024Q1","NBRX","Nurtec","Overall","PD_MARKET_SHARE",0.403374
"2024Q1","NBRX","Nurtec","Overall","RJ_RATE",0.431673
"2024Q1","NBRX","Nurtec","Overall","RV_RATE",0.122935
"2024Q1","NBRX","Nurtec","Overall","WD",104315
"2024Q1","NBRX","Nurtec","Overall","WD_MARKET_SHARE",0.46976
"2024Q1","TRX","Abbvie","Commercial","FILL_RATE",0.787897
"2024Q1","TRX","Abbvie","Commercial","PD_CLAIMS",349270
"2024Q1","TRX","Abbvie","Commercial","PD_MARKET_SHARE",0.568968
"2024Q1","TRX","Abbvie","Commercial","RJ_RATE",0.142842
"2024Q1","TRX","Abbvie","Commercial","RV_RATE",0.069261
"2024Q1","TRX","Abbvie","Commercial","WD",443294
"2024Q1","TRX","Abbvie","Commercial","WD_MARKET_SHARE",0.555873
"2024Q1","TRX","Abbvie","Medicaid","FILL_RATE",0.70926
"2024Q1","TRX","Abbvie","Medicaid","PD_CLAIMS",56133
"2024Q1","TRX","Abbvie","Medicaid","PD_MARKET_SHARE",0.468575
"2024Q1","TRX","Abbvie","Medicaid","RJ_RATE",0.238505
"2024Q1","TRX","Abbvie","Medicaid","RV_RATE",0.052235
"2024Q1","TRX","Abbvie","Medicaid","WD",79143
"2024Q1","TRX","Abbvie","Medicaid","WD_MARKET_SHARE",0.475779
"2024Q1","TRX","Abbvie","Medicare","FILL_RATE",0.726961
"2024Q1","TRX","Abbvie","Medicare","PD_CLAIMS",63745
"2024Q1","TRX","Abbvie","Medicare","PD_MARKET_SHARE",0.539093
"2024Q1","TRX","Abbvie","Medicare","RJ_RATE",0.144731
"2024Q1","TRX","Abbvie","Medicare","RV_RATE",0.128309
"2024Q1","TRX","Abbvie","Medicare","WD",87687
"2024Q1","TRX","Abbvie","Medicare","WD_MARKET_SHARE",0.536214
"2024Q1","TRX","Abbvie","Others","FILL_RATE",0.588869
"2024Q1","TRX","Abbvie","Others","PD_CLAIMS",28410
"2024Q1","TRX","Abbvie","Others","PD_MARKET_SHARE",0.612192
"2024Q1","TRX","Abbvie","Others","RJ_RATE",0.191066
"2024Q1","TRX","Abbvie","Others","RV_RATE",0.220064
"2024Q3","NBRX","Abbvie","Medicaid","WD_MARKET_SHARE",0.516402
"2024Q3","NBRX","Abbvie","Medicare","FILL_RATE",0.448908
"2024Q3","NBRX","Abbvie","Medicare","PD_CLAIMS",10605
"2024Q3","NBRX","Abbvie","Medicare","PD_MARKET_SHARE",0.579382
"2024Q3","NBRX","Abbvie","Medicare","RJ_RATE",0.371825
"2024Q3","NBRX","Abbvie","Medicare","RV_RATE",0.179267
"2024Q3","NBRX","Abbvie","Medicare","WD",23624
"2024Q3","NBRX","Abbvie","Medicare","WD_MARKET_SHARE",0.561634
"2024Q3","NBRX","Abbvie","Others","FILL_RATE",0.411282
"2024Q3","NBRX","Abbvie","Others","PD_CLAIMS",6518
"2024Q3","NBRX","Abbvie","Others","PD_MARKET_SHARE",0.61537
"2024Q3","NBRX","Abbvie","Others","RJ_RATE",0.325215
"2024Q3","NBRX","Abbvie","Others","RV_RATE",0.263503
"2024Q3","NBRX","Abbvie","Others","WD",15848
"2024Q3","NBRX","Abbvie","Others","WD_MARKET_SHARE",0.526529
"2024Q3","NBRX","Abbvie","Overall","FILL_RATE",0.581455
"2024Q3","NBRX","Abbvie","Overall","PD_CLAIMS",89247
"2024Q3","NBRX","Abbvie","Overall","PD_MARKET_SHARE",0.599339
"2024Q3","NBRX","Abbvie","Overall","RJ_RATE",0.311169
"2024Q3","NBRX","Abbvie","Overall","RV_RATE",0.107376
"2024Q3","NBRX","Abbvie","Overall","WD",153489
"2024Q3","NBRX","Abbvie","Overall","WD_MARKET_SHARE",0.551185
"2024Q3","NBRX","Nurtec","Commercial","FILL_RATE",0.529728
"2024Q3","NBRX","Nurtec","Commercial","PD_CLAIMS",38730
"2024Q3","NBRX","Nurtec","Commercial","PD_MARKET_SHARE",0.380205
"2024Q3","NBRX","Nurtec","Commercial","RJ_RATE",0.406344
"2024Q3","NBRX","Nurtec","Commercial","RV_RATE",0.063928
"2024Q3","NBRX","Nurtec","Commercial","WD",73113
"2024Q3","NBRX","Nurtec","Commercial","WD_MARKET_SHARE",0.438722
"2024Q3","NBRX","Nurtec","Medicaid","FILL_RATE",0.477554
"2024Q3","NBRX","Nurtec","Medicaid","PD_CLAIMS",9159
"2024Q3","NBRX","Nurtec","Medicaid","PD_MARKET_SHARE",0.504712
"2024Q3","NBRX","Nurtec","Medicaid","RJ_RATE",0.474112
"2024Q3","NBRX","Nurtec","Medicaid","RV_RATE",0.048334
"2024Q3","NBRX","Nurtec","Medicaid","WD",19179
"2024Q3","NBRX","Nurtec","Medicaid","WD_MARKET_SHARE",0.483598
"2024Q3","NBRX","Nurtec","Medicare","FILL_RATE",0.417539
"2024Q3","NBRX","Nurtec","Medicare","PD_CLAIMS",7699
"2024Q3","NBRX","Nurtec","Medicare","PD_MARKET_SHARE",0.420618
"2024Q3","NBRX","Nurtec","Medicare","RJ_RATE",0.405662
"2024Q3","NBRX","Nurtec","Medicare","RV_RATE",0.176799
"2024Q3","NBRX","Nurtec","Medicare","WD",18439
"2024Q3","NBRX","Nurtec","Medicare","WD_MARKET_SHARE",0.438366
"2024Q3","NBRX","Nurtec","Others","FILL_RATE",0.285875
"2024Q3","NBRX","Nurtec","Others","PD_CLAIMS",4074
"2024Q3","NBRX","Nurtec","Others","PD_MARKET_SHARE",0.38463
"2024Q3","NBRX","Nurtec","Others","RJ_RATE",0.382219
"2024Q3","NBRX","Nurtec","Others","RV_RATE",0.331907
"2024Q3","NBRX","Nurtec","Others","WD",14251
"2024Q3","NBRX","Nurtec","Others","WD_MARKET_SHARE",0.473471
"2024Q3","NBRX","Nurtec","Overall","FILL_RATE",0.477365
"2024Q3","NBRX","Nurtec","Overall","PD_CLAIMS",59662
"2024Q3","NBRX","Nurtec","Overall","PD_MARKET_SHARE",0.400661
"2024Q3","NBRX","Nurtec","Overall","RJ_RATE",0.413892
"2024Q3","NBRX","Nurtec","Overall","RV_RATE",0.108744
"2024Q3","NBRX","Nurtec","Overall","WD",124982
"2024Q3","NBRX","Nurtec","Overall","WD_MARKET_SHARE",0.448815
"2024Q3","TRX","Abbvie","Commercial","FILL_RATE",0.803575
"2024Q3","TRX","Abbvie","Commercial","PD_CLAIMS",484828
"2024Q3","TRX","Abbvie","Commercial","PD_MARKET_SHARE",0.565986
"2024Q3","TRX","Abbvie","Commercial","RJ_RATE",0.133679
"2024Q3","TRX","Abbvie","Commercial","RV_RATE",0.062746
"2024Q3","TRX","Abbvie","Commercial","WD",603339
"2024Q3","TRX","Abbvie","Commercial","WD_MARKET_SHARE",0.562983
"2024Q3","TRX","Abbvie","Medicaid","FILL_RATE",0.730922
"2026Q1","NBRX","Abbvie","Others","WD",17100
"2026Q1","NBRX","Abbvie","Others","WD_MARKET_SHARE",0.574442
"2026Q1","NBRX","Abbvie","Overall","FILL_RATE",0.560176
"2026Q1","NBRX","Abbvie","Overall","PD_CLAIMS",84441
"2026Q1","NBRX","Abbvie","Overall","PD_MARKET_SHARE",0.603624
"2026Q1","NBRX","Abbvie","Overall","RJ_RATE",0.306946
"2026Q1","NBRX","Abbvie","Overall","RV_RATE",0.132878
"2026Q1","NBRX","Abbvie","Overall","WD",150740
"2026Q1","NBRX","Abbvie","Overall","WD_MARKET_SHARE",0.548978
"2026Q1","NBRX","Nurtec","Commercial","FILL_RATE",0.508552
"2026Q1","NBRX","Nurtec","Commercial","PD_CLAIMS",36484
"2026Q1","NBRX","Nurtec","Commercial","PD_MARKET_SHARE",0.389932
"2026Q1","NBRX","Nurtec","Commercial","RJ_RATE",0.42436
"2026Q1","NBRX","Nurtec","Commercial","RV_RATE",0.067089
"2026Q1","NBRX","Nurtec","Commercial","WD",71741
"2026Q1","NBRX","Nurtec","Commercial","WD_MARKET_SHARE",0.451852
"2026Q1","NBRX","Nurtec","Medicaid","FILL_RATE",0.443326
"2026Q1","NBRX","Nurtec","Medicaid","PD_CLAIMS",8370
"2026Q1","NBRX","Nurtec","Medicaid","PD_MARKET_SHARE",0.467859
"2026Q1","NBRX","Nurtec","Medicaid","RJ_RATE",0.509799
"2026Q1","NBRX","Nurtec","Medicaid","RV_RATE",0.046875
"2026Q1","NBRX","Nurtec","Medicaid","WD",18880
"2026Q1","NBRX","Nurtec","Medicaid","WD_MARKET_SHARE",0.46851
"2026Q1","NBRX","Nurtec","Medicare","FILL_RATE",0.405955
"2026Q1","NBRX","Nurtec","Medicare","PD_CLAIMS",8344
"2026Q1","NBRX","Nurtec","Medicare","PD_MARKET_SHARE",0.419339
"2026Q1","NBRX","Nurtec","Medicare","RJ_RATE",0.332149
"2026Q1","NBRX","Nurtec","Medicare","RV_RATE",0.261895
"2026Q1","NBRX","Nurtec","Medicare","WD",20554
"2026Q1","NBRX","Nurtec","Medicare","WD_MARKET_SHARE",0.449307
"2026Q1","NBRX","Nurtec","Others","FILL_RATE",0.177692
"2026Q1","NBRX","Nurtec","Others","PD_CLAIMS",2251
"2026Q1","NBRX","Nurtec","Others","PD_MARKET_SHARE",0.263676
"2026Q1","NBRX","Nurtec","Others","RJ_RATE",0.48808
"2026Q1","NBRX","Nurtec","Others","RV_RATE",0.334228
"2026Q1","NBRX","Nurtec","Others","WD",12668
"2026Q1","NBRX","Nurtec","Others","WD_MARKET_SHARE",0.425558
"2026Q1","NBRX","Nurtec","Overall","FILL_RATE",0.447736
"2026Q1","NBRX","Nurtec","Overall","PD_CLAIMS",55449
"2026Q1","NBRX","Nurtec","Overall","PD_MARKET_SHARE",0.396376
"2026Q1","NBRX","Nurtec","Overall","RJ_RATE",0.428599
"2026Q1","NBRX","Nurtec","Overall","RV_RATE",0.123665
"2026Q1","NBRX","Nurtec","Overall","WD",123843
"2026Q1","NBRX","Nurtec","Overall","WD_MARKET_SHARE",0.451022
"2026Q1","TRX","Abbvie","Commercial","FILL_RATE",0.801697
"2026Q1","TRX","Abbvie","Commercial","PD_CLAIMS",547376
"2026Q1","TRX","Abbvie","Commercial","PD_MARKET_SHARE",0.581474
"2026Q1","TRX","Abbvie","Commercial","RJ_RATE",0.126654
"2026Q1","TRX","Abbvie","Commercial","RV_RATE",0.071649
"2026Q1","TRX","Abbvie","Commercial","WD",682772
"2026Q1","TRX","Abbvie","Commercial","WD_MARKET_SHARE",0.574632
"2026Q1","TRX","Abbvie","Medicaid","FILL_RATE",0.737997
"2026Q1","TRX","Abbvie","Medicaid","PD_CLAIMS",97899
"2026Q1","TRX","Abbvie","Medicaid","PD_MARKET_SHARE",0.524461
"2026Q1","TRX","Abbvie","Medicaid","RJ_RATE",0.203204
"2026Q1","TRX","Abbvie","Medicaid","RV_RATE",0.058799
"2026Q1","TRX","Abbvie","Medicaid","WD",132655
"2026Q1","TRX","Abbvie","Medicaid","WD_MARKET_SHARE",0.524612
"2026Q1","TRX","Abbvie","Medicare","FILL_RATE",0.722523
"2026Q1","TRX","Abbvie","Medicare","PD_CLAIMS",120144
"2026Q1","TRX","Abbvie","Medicare","PD_MARKET_SHARE",0.598178
"2026Q1","TRX","Abbvie","Medicare","RJ_RATE",0.112398
"2026Q1","TRX","Abbvie","Medicare","RV_RATE",0.165079
"2026Q1","TRX","Abbvie","Medicare","WD",166284
"2026Q1","TRX","Abbvie","Medicare","WD_MARKET_SHARE",0.58471
"2026Q2","NBRX","Abbvie","Medicare","RJ_RATE",0.3378
"2026Q2","NBRX","Abbvie","Medicare","RV_RATE",0.214942
"2026Q2","NBRX","Abbvie","Medicare","WD",25151
"2026Q2","NBRX","Abbvie","Medicare","WD_MARKET_SHARE",0.549725
"2026Q2","NBRX","Abbvie","Others","FILL_RATE",0.386171
"2026Q2","NBRX","Abbvie","Others","PD_CLAIMS",6378
"2026Q2","NBRX","Abbvie","Others","PD_MARKET_SHARE",0.735216
"2026Q2","NBRX","Abbvie","Others","RJ_RATE",0.333979
"2026Q2","NBRX","Abbvie","Others","RV_RATE",0.27985
"2026Q2","NBRX","Abbvie","Others","WD",16516
"2026Q2","NBRX","Abbvie","Others","WD_MARKET_SHARE",0.573891
"2026Q2","NBRX","Abbvie","Overall","FILL_RATE",0.559744
"2026Q2","NBRX","Abbvie","Overall","PD_CLAIMS",84813
"2026Q2","NBRX","Abbvie","Overall","PD_MARKET_SHARE",0.593995
"2026Q2","NBRX","Abbvie","Overall","RJ_RATE",0.317613
"2026Q2","NBRX","Abbvie","Overall","RV_RATE",0.122643
"2026Q2","NBRX","Abbvie","Overall","WD",151521
"2026Q2","NBRX","Abbvie","Overall","WD_MARKET_SHARE",0.543283
"2026Q2","NBRX","Nurtec","Commercial","FILL_RATE",0.517838
"2026Q2","NBRX","Nurtec","Commercial","PD_CLAIMS",39017
"2026Q2","NBRX","Nurtec","Commercial","PD_MARKET_SHARE",0.403523
"2026Q2","NBRX","Nurtec","Commercial","RJ_RATE",0.412869
"2026Q2","NBRX","Nurtec","Commercial","RV_RATE",0.069294
"2026Q2","NBRX","Nurtec","Commercial","WD",75346
"2026Q2","NBRX","Nurtec","Commercial","WD_MARKET_SHARE",0.461122
"2026Q2","NBRX","Nurtec","Medicaid","FILL_RATE",0.448664
"2026Q2","NBRX","Nurtec","Medicaid","PD_CLAIMS",8600
"2026Q2","NBRX","Nurtec","Medicaid","PD_MARKET_SHARE",0.474823
"2026Q2","NBRX","Nurtec","Medicaid","RJ_RATE",0.500522
"2026Q2","NBRX","Nurtec","Medicaid","RV_RATE",0.050814
"2026Q2","NBRX","Nurtec","Medicaid","WD",19168
"2026Q2","NBRX","Nurtec","Medicaid","WD_MARKET_SHARE",0.467843
"2026Q2","NBRX","Nurtec","Medicare","FILL_RATE",0.391098
"2026Q2","NBRX","Nurtec","Medicare","PD_CLAIMS",8057
"2026Q2","NBRX","Nurtec","Medicare","PD_MARKET_SHARE",0.417331
"2026Q2","NBRX","Nurtec","Medicare","RJ_RATE",0.411194
"2026Q2","NBRX","Nurtec","Medicare","RV_RATE",0.197709
"2026Q2","NBRX","Nurtec","Medicare","WD",20601
"2026Q2","NBRX","Nurtec","Medicare","WD_MARKET_SHARE",0.450275
"2026Q2","NBRX","Nurtec","Others","FILL_RATE",0.187311
"2026Q2","NBRX","Nurtec","Others","PD_CLAIMS",2297
"2026Q2","NBRX","Nurtec","Others","PD_MARKET_SHARE",0.264784
"2026Q2","NBRX","Nurtec","Others","RJ_RATE",0.48047
"2026Q2","NBRX","Nurtec","Others","RV_RATE",0.332219
"2026Q2","NBRX","Nurtec","Others","WD",12263
"2026Q2","NBRX","Nurtec","Others","WD_MARKET_SHARE",0.426109
"2026Q2","NBRX","Nurtec","Overall","FILL_RATE",0.45511
"2026Q2","NBRX","Nurtec","Overall","PD_CLAIMS",57971
"2026Q2","NBRX","Nurtec","Overall","PD_MARKET_SHARE",0.406005
"2026Q2","NBRX","Nurtec","Overall","RJ_RATE",0.432296
"2026Q2","NBRX","Nurtec","Overall","RV_RATE",0.112594
"2026Q2","NBRX","Nurtec","Overall","WD",127378
"2026Q2","NBRX","Nurtec","Overall","WD_MARKET_SHARE",0.456717
"2026Q2","TRX","Abbvie","Commercial","FILL_RATE",0.809446
"2026Q2","TRX","Abbvie","Commercial","PD_CLAIMS",551857
"2026Q2","TRX","Abbvie","Commercial","PD_MARKET_SHARE",0.56668
"2026Q2","TRX","Abbvie","Commercial","RJ_RATE",0.120882
"2026Q2","TRX","Abbvie","Commercial","RV_RATE",0.069671
"2026Q2","TRX","Abbvie","Commercial","WD",681771
"2026Q2","TRX","Abbvie","Commercial","WD_MARKET_SHARE",0.560831
"2026Q2","TRX","Abbvie","Medicaid","FILL_RATE",0.734274
"2026Q2","TRX","Abbvie","Medicaid","PD_CLAIMS",94595
"2026Q2","TRX","Abbvie","Medicaid","PD_MARKET_SHARE",0.52031
"2026Q2","TRX","Abbvie","Medicaid","RJ_RATE",0.208161
"2026Q2","TRX","Abbvie","Medicaid","RV_RATE",0.057565
"2026Q2","TRX","Abbvie","Medicaid","WD",128828
"2025Q4","TRX","Abbvie","Overall","PD_MARKET_SHARE",0.582812
"2025Q4","TRX","Abbvie","Overall","RJ_RATE",0.131271
"2025Q4","TRX","Abbvie","Overall","RV_RATE",0.076355
"2025Q4","TRX","Abbvie","Overall","WD",1087855
"2025Q4","TRX","Abbvie","Overall","WD_MARKET_SHARE",0.572144
"2025Q4","TRX","Nurtec","Commercial","FILL_RATE",0.785085
"2025Q4","TRX","Nurtec","Commercial","PD_CLAIMS",403284
"2025Q4","TRX","Nurtec","Commercial","PD_MARKET_SHARE",0.415531
"2025Q4","TRX","Nurtec","Commercial","RJ_RATE",0.154162
"2025Q4","TRX","Nurtec","Commercial","RV_RATE",0.060754
"2025Q4","TRX","Nurtec","Commercial","WD",513682
"2025Q4","TRX","Nurtec","Commercial","WD_MARKET_SHARE",0.424891
"2025Q4","TRX","Nurtec","Medicaid","FILL_RATE",0.738545
"2025Q4","TRX","Nurtec","Medicaid","PD_CLAIMS",90717
"2025Q4","TRX","Nurtec","Medicaid","PD_MARKET_SHARE",0.47471
"2025Q4","TRX","Nurtec","Medicaid","RJ_RATE",0.20528
"2025Q4","TRX","Nurtec","Medicaid","RV_RATE",0.056174
"2025Q4","TRX","Nurtec","Medicaid","WD",122832
"2025Q4","TRX","Nurtec","Medicaid","WD_MARKET_SHARE",0.477462
"2025Q4","TRX","Nurtec","Medicare","FILL_RATE",0.770762
"2025Q4","TRX","Nurtec","Medicare","PD_CLAIMS",98515
"2025Q4","TRX","Nurtec","Medicare","PD_MARKET_SHARE",0.410139
"2025Q4","TRX","Nurtec","Medicare","RJ_RATE",0.144185
"2025Q4","TRX","Nurtec","Medicare","RV_RATE",0.085053
"2025Q4","TRX","Nurtec","Medicare","WD",127815
"2025Q4","TRX","Nurtec","Medicare","WD_MARKET_SHARE",0.420313
"2025Q4","TRX","Nurtec","Others","FILL_RATE",0.498394
"2025Q4","TRX","Nurtec","Others","PD_CLAIMS",24512
"2025Q4","TRX","Nurtec","Others","PD_MARKET_SHARE",0.31755
"2025Q4","TRX","Nurtec","Others","RJ_RATE",0.290777
"2025Q4","TRX","Nurtec","Others","RV_RATE",0.210829
"2025Q4","TRX","Nurtec","Others","WD",49182
"2025Q4","TRX","Nurtec","Others","WD_MARKET_SHARE",0.375332
"2025Q4","TRX","Nurtec","Overall","FILL_RATE",0.758475
"2025Q4","TRX","Nurtec","Overall","PD_CLAIMS",617028
"2025Q4","TRX","Nurtec","Overall","PD_MARKET_SHARE",0.417188
"2025Q4","TRX","Nurtec","Overall","RJ_RATE",0.168572
"2025Q4","TRX","Nurtec","Overall","RV_RATE",0.072953
"2025Q4","TRX","Nurtec","Overall","WD",813511
"2025Q4","TRX","Nurtec","Overall","WD_MARKET_SHARE",0.427856
"2026Q1","NBRX","Abbvie","Commercial","FILL_RATE",0.655877
"2026Q1","NBRX","Abbvie","Commercial","PD_CLAIMS",57081
"2026Q1","NBRX","Abbvie","Commercial","PD_MARKET_SHARE",0.610068
"2026Q1","NBRX","Abbvie","Commercial","RJ_RATE",0.259566
"2026Q1","NBRX","Abbvie","Commercial","RV_RATE",0.084557
"2026Q1","NBRX","Abbvie","Commercial","WD",87030
"2026Q1","NBRX","Abbvie","Commercial","WD_MARKET_SHARE",0.548148
"2026Q1","NBRX","Abbvie","Medicaid","FILL_RATE",0.444486
"2026Q1","NBRX","Abbvie","Medicaid","PD_CLAIMS",9520
"2026Q1","NBRX","Abbvie","Medicaid","PD_MARKET_SHARE",0.532141
"2026Q1","NBRX","Abbvie","Medicaid","RJ_RATE",0.505836
"2026Q1","NBRX","Abbvie","Medicaid","RV_RATE",0.049678
"2026Q1","NBRX","Abbvie","Medicaid","WD",21418
"2026Q1","NBRX","Abbvie","Medicaid","WD_MARKET_SHARE",0.53149
"2026Q1","NBRX","Abbvie","Medicare","FILL_RATE",0.458638
"2026Q1","NBRX","Abbvie","Medicare","PD_CLAIMS",11554
"2026Q1","NBRX","Abbvie","Medicare","PD_MARKET_SHARE",0.580661
"2026Q1","NBRX","Abbvie","Medicare","RJ_RATE",0.271435
"2026Q1","NBRX","Abbvie","Medicare","RV_RATE",0.269927
"2026Q1","NBRX","Abbvie","Medicare","WD",25192
"2026Q1","NBRX","Abbvie","Medicare","WD_MARKET_SHARE",0.550693
"2026Q1","NBRX","Abbvie","Others","FILL_RATE",0.367602
"2026Q1","NBRX","Abbvie","Others","PD_CLAIMS",6286
"2026Q1","NBRX","Abbvie","Others","PD_MARKET_SHARE",0.736324
"2026Q1","NBRX","Abbvie","Others","RJ_RATE",0.351287
"2026Q1","NBRX","Abbvie","Others","RV_RATE",0.281111
"2025Q4","NBRX","Nurtec","Commercial","FILL_RATE",0.495188
"2025Q4","NBRX","Nurtec","Commercial","PD_CLAIMS",34989
"2025Q4","NBRX","Nurtec","Commercial","PD_MARKET_SHARE",0.379371
"2025Q4","NBRX","Nurtec","Commercial","RJ_RATE",0.433836
"2025Q4","NBRX","Nurtec","Commercial","RV_RATE",0.070976
"2025Q4","NBRX","Nurtec","Commercial","WD",70658
"2025Q4","NBRX","Nurtec","Commercial","WD_MARKET_SHARE",0.451255
"2025Q4","NBRX","Nurtec","Medicaid","FILL_RATE",0.454419
"2025Q4","NBRX","Nurtec","Medicaid","PD_CLAIMS",8853
"2025Q4","NBRX","Nurtec","Medicaid","PD_MARKET_SHARE",0.486188
"2025Q4","NBRX","Nurtec","Medicaid","RJ_RATE",0.498511
"2025Q4","NBRX","Nurtec","Medicaid","RV_RATE",0.047069
"2025Q4","NBRX","Nurtec","Medicaid","WD",19482
"2025Q4","NBRX","Nurtec","Medicaid","WD_MARKET_SHARE",0.475263
"2025Q4","NBRX","Nurtec","Medicare","FILL_RATE",0.41753
"2025Q4","NBRX","Nurtec","Medicare","PD_CLAIMS",8265
"2025Q4","NBRX","Nurtec","Medicare","PD_MARKET_SHARE",0.418608
"2025Q4","NBRX","Nurtec","Medicare","RJ_RATE",0.417378
"2025Q4","NBRX","Nurtec","Medicare","RV_RATE",0.165092
"2025Q4","NBRX","Nurtec","Medicare","WD",19795
"2025Q4","NBRX","Nurtec","Medicare","WD_MARKET_SHARE",0.450152
"2025Q4","NBRX","Nurtec","Others","FILL_RATE",0.185196
"2025Q4","NBRX","Nurtec","Others","PD_CLAIMS",2482
"2025Q4","NBRX","Nurtec","Others","PD_MARKET_SHARE",0.254277
"2025Q4","NBRX","Nurtec","Others","RJ_RATE",0.498582
"2025Q4","NBRX","Nurtec","Others","RV_RATE",0.316221
"2025Q4","NBRX","Nurtec","Others","WD",13402
"2025Q4","NBRX","Nurtec","Others","WD_MARKET_SHARE",0.440059
"2025Q4","NBRX","Nurtec","Overall","FILL_RATE",0.4426
"2025Q4","NBRX","Nurtec","Overall","PD_CLAIMS",54589
"2025Q4","NBRX","Nurtec","Overall","PD_MARKET_SHARE",0.39008
"2025Q4","NBRX","Nurtec","Overall","RJ_RATE",0.448446
"2025Q4","NBRX","Nurtec","Overall","RV_RATE",0.108954
"2025Q4","NBRX","Nurtec","Overall","WD",123337
"2025Q4","NBRX","Nurtec","Overall","WD_MARKET_SHARE",0.453442
"2025Q4","TRX","Abbvie","Commercial","FILL_RATE",0.815832
"2025Q4","TRX","Abbvie","Commercial","PD_CLAIMS",567242
"2025Q4","TRX","Abbvie","Commercial","PD_MARKET_SHARE",0.584469
"2025Q4","TRX","Abbvie","Commercial","RJ_RATE",0.11702
"2025Q4","TRX","Abbvie","Commercial","RV_RATE",0.067149
"2025Q4","TRX","Abbvie","Commercial","WD",695293
"2025Q4","TRX","Abbvie","Commercial","WD_MARKET_SHARE",0.575109
"2025Q4","TRX","Abbvie","Medicaid","FILL_RATE",0.746742
"2025Q4","TRX","Abbvie","Medicaid","PD_CLAIMS",100383
"2025Q4","TRX","Abbvie","Medicaid","PD_MARKET_SHARE",0.52529
"2025Q4","TRX","Abbvie","Medicaid","RJ_RATE",0.19737
"2025Q4","TRX","Abbvie","Medicaid","RV_RATE",0.055889
"2025Q4","TRX","Abbvie","Medicaid","WD",134428
"2025Q4","TRX","Abbvie","Medicaid","WD_MARKET_SHARE",0.522538
"2025Q4","TRX","Abbvie","Medicare","FILL_RATE",0.803744
"2025Q4","TRX","Abbvie","Medicare","PD_CLAIMS",141684
"2025Q4","TRX","Abbvie","Medicare","PD_MARKET_SHARE",0.589861
"2025Q4","TRX","Abbvie","Medicare","RJ_RATE",0.113422
"2025Q4","TRX","Abbvie","Medicare","RV_RATE",0.082834
"2025Q4","TRX","Abbvie","Medicare","WD",176280
"2025Q4","TRX","Abbvie","Medicare","WD_MARKET_SHARE",0.579687
"2025Q4","TRX","Abbvie","Others","FILL_RATE",0.643573
"2025Q4","TRX","Abbvie","Others","PD_CLAIMS",52679
"2025Q4","TRX","Abbvie","Others","PD_MARKET_SHARE",0.68245
"2025Q4","TRX","Abbvie","Others","RJ_RATE",0.182215
"2025Q4","TRX","Abbvie","Others","RV_RATE",0.174213
"2025Q4","TRX","Abbvie","Others","WD",81854
"2025Q4","TRX","Abbvie","Others","WD_MARKET_SHARE",0.624668
"2025Q4","TRX","Abbvie","Overall","FILL_RATE",0.792374
"2025Q4","TRX","Abbvie","Overall","PD_CLAIMS",861988
"2026Q2","TRX","Abbvie","Medicaid","WD_MARKET_SHARE",0.52098
"2026Q2","TRX","Abbvie","Medicare","FILL_RATE",0.758055
"2026Q2","TRX","Abbvie","Medicare","PD_CLAIMS",123798
"2026Q2","TRX","Abbvie","Medicare","PD_MARKET_SHARE",0.596818
"2026Q2","TRX","Abbvie","Medicare","RJ_RATE",0.129588
"2026Q2","TRX","Abbvie","Medicare","RV_RATE",0.112357
"2026Q2","TRX","Abbvie","Medicare","WD",163310
"2026Q2","TRX","Abbvie","Medicare","WD_MARKET_SHARE",0.582778
"2026Q2","TRX","Abbvie","Others","FILL_RATE",0.625293
"2026Q2","TRX","Abbvie","Others","PD_CLAIMS",46650
"2026Q2","TRX","Abbvie","Others","PD_MARKET_SHARE",0.68965
"2026Q2","TRX","Abbvie","Others","RJ_RATE",0.184585
"2026Q2","TRX","Abbvie","Others","RV_RATE",0.190121
"2026Q2","TRX","Abbvie","Others","WD",74605
"2026Q2","TRX","Abbvie","Others","WD_MARKET_SHARE",0.632594
"2026Q2","TRX","Abbvie","Overall","FILL_RATE",0.779103
"2026Q2","TRX","Abbvie","Overall","PD_CLAIMS",816900
"2026Q2","TRX","Abbvie","Overall","PD_MARKET_SHARE",0.570971
"2026Q2","TRX","Abbvie","Overall","RJ_RATE",0.137495
"2026Q2","TRX","Abbvie","Overall","RV_RATE",0.083403
"2026Q2","TRX","Abbvie","Overall","WD",1048514
"2026Q2","TRX","Abbvie","Overall","WD_MARKET_SHARE",0.563388
"2026Q2","TRX","Nurtec","Commercial","FILL_RATE",0.790422
"2026Q2","TRX","Nurtec","Commercial","PD_CLAIMS",421986
"2026Q2","TRX","Nurtec","Commercial","PD_MARKET_SHARE",0.43332
"2026Q2","TRX","Nurtec","Commercial","RJ_RATE",0.148361
"2026Q2","TRX","Nurtec","Commercial","RV_RATE",0.061217
"2026Q2","TRX","Nurtec","Commercial","WD",533874
"2026Q2","TRX","Nurtec","Commercial","WD_MARKET_SHARE",0.439169
"2026Q2","TRX","Nurtec","Medicaid","FILL_RATE",0.736248
"2026Q2","TRX","Nurtec","Medicaid","PD_CLAIMS",87210
"2026Q2","TRX","Nurtec","Medicaid","PD_MARKET_SHARE",0.47969
"2026Q2","TRX","Nurtec","Medicaid","RJ_RATE",0.207223
"2026Q2","TRX","Nurtec","Medicaid","RV_RATE",0.056529
"2026Q2","TRX","Nurtec","Medicaid","WD",118452
"2026Q2","TRX","Nurtec","Medicaid","WD_MARKET_SHARE",0.47902
"2026Q2","TRX","Nurtec","Medicare","FILL_RATE",0.715311
"2026Q2","TRX","Nurtec","Medicare","PD_CLAIMS",83632
"2026Q2","TRX","Nurtec","Medicare","PD_MARKET_SHARE",0.403182
"2026Q2","TRX","Nurtec","Medicare","RJ_RATE",0.166084
"2026Q2","TRX","Nurtec","Medicare","RV_RATE",0.118606
"2026Q2","TRX","Nurtec","Medicare","WD",116917
"2026Q2","TRX","Nurtec","Medicare","WD_MARKET_SHARE",0.417222
"2026Q2","TRX","Nurtec","Others","FILL_RATE",0.484491
"2026Q2","TRX","Nurtec","Others","PD_CLAIMS",20993
"2026Q2","TRX","Nurtec","Others","PD_MARKET_SHARE",0.31035
"2026Q2","TRX","Nurtec","Others","RJ_RATE",0.288276
"2026Q2","TRX","Nurtec","Others","RV_RATE",0.227233
"2026Q2","TRX","Nurtec","Others","WD",43330
"2026Q2","TRX","Nurtec","Others","WD_MARKET_SHARE",0.367406
"2026Q2","TRX","Nurtec","Overall","FILL_RATE",0.755404
"2026Q2","TRX","Nurtec","Overall","PD_CLAIMS",613821
"2026Q2","TRX","Nurtec","Overall","PD_MARKET_SHARE",0.429029
"2026Q2","TRX","Nurtec","Overall","RJ_RATE",0.166952
"2026Q2","TRX","Nurtec","Overall","RV_RATE",0.077643
"2026Q2","TRX","Nurtec","Overall","WD",812573
"2026Q2","TRX","Nurtec","Overall","WD_MARKET_SHARE",0.436612
"2026Q3","NBRX","Abbvie","Commercial","FILL_RATE",0.368583
"2026Q3","NBRX","Abbvie","Commercial","PD_CLAIMS",1558
"2026Q3","NBRX","Abbvie","Commercial","PD_MARKET_SHARE",0.59172
"2026Q3","NBRX","Abbvie","Commercial","RJ_RATE",0.542702
"2026Q3","NBRX","Abbvie","Commercial","RV_RATE",0.088715
"2026Q3","NBRX","Abbvie","Commercial","WD",4227
"2026Q3","NBRX","Abbvie","Commercial","WD_MARKET_SHARE",0.489179
"2026Q3","NBRX","Abbvie","Medicaid","FILL_RATE",0.18704
"2026Q1","TRX","Abbvie","Others","FILL_RATE",0.592174
"2026Q1","TRX","Abbvie","Others","PD_CLAIMS",47034
"2026Q1","TRX","Abbvie","Others","PD_MARKET_SHARE",0.693226
"2026Q1","TRX","Abbvie","Others","RJ_RATE",0.20905
"2026Q1","TRX","Abbvie","Others","RV_RATE",0.198776
"2026Q1","TRX","Abbvie","Others","WD",79426
"2026Q1","TRX","Abbvie","Others","WD_MARKET_SHARE",0.633159
"2026Q1","TRX","Abbvie","Overall","FILL_RATE",0.765644
"2026Q1","TRX","Abbvie","Overall","PD_CLAIMS",812453
"2026Q1","TRX","Abbvie","Overall","PD_MARKET_SHARE",0.581685
"2026Q1","TRX","Abbvie","Overall","RJ_RATE",0.140157
"2026Q1","TRX","Abbvie","Overall","RV_RATE",0.094199
"2026Q1","TRX","Abbvie","Overall","WD",1061137
"2026Q1","TRX","Abbvie","Overall","WD_MARKET_SHARE",0.573313
"2026Q1","TRX","Nurtec","Commercial","FILL_RATE",0.77952
"2026Q1","TRX","Nurtec","Commercial","PD_CLAIMS",393984
"2026Q1","TRX","Nurtec","Commercial","PD_MARKET_SHARE",0.418526
"2026Q1","TRX","Nurtec","Commercial","RJ_RATE",0.161357
"2026Q1","TRX","Nurtec","Commercial","RV_RATE",0.059123
"2026Q1","TRX","Nurtec","Commercial","WD",505419
"2026Q1","TRX","Nurtec","Commercial","WD_MARKET_SHARE",0.425368
"2026Q1","TRX","Nurtec","Medicaid","FILL_RATE",0.738445
"2026Q1","TRX","Nurtec","Medicaid","PD_CLAIMS",88767
"2026Q1","TRX","Nurtec","Medicaid","PD_MARKET_SHARE",0.475539
"2026Q1","TRX","Nurtec","Medicaid","RJ_RATE",0.207432
"2026Q1","TRX","Nurtec","Medicaid","RV_RATE",0.054123
"2026Q1","TRX","Nurtec","Medicaid","WD",120208
"2026Q1","TRX","Nurtec","Medicaid","WD_MARKET_SHARE",0.475388
"2026Q1","TRX","Nurtec","Medicare","FILL_RATE",0.683353
"2026Q1","TRX","Nurtec","Medicare","PD_CLAIMS",80706
"2026Q1","TRX","Nurtec","Medicare","PD_MARKET_SHARE",0.401822
"2026Q1","TRX","Nurtec","Medicare","RJ_RATE",0.144857
"2026Q1","TRX","Nurtec","Medicare","RV_RATE",0.171791
"2026Q1","TRX","Nurtec","Medicare","WD",118103
"2026Q1","TRX","Nurtec","Medicare","WD_MARKET_SHARE",0.41529
"2026Q1","TRX","Nurtec","Others","FILL_RATE",0.452301
"2026Q1","TRX","Nurtec","Others","PD_CLAIMS",20814
"2026Q1","TRX","Nurtec","Others","PD_MARKET_SHARE",0.306774
"2026Q1","TRX","Nurtec","Others","RJ_RATE",0.312074
"2026Q1","TRX","Nurtec","Others","RV_RATE",0.235625
"2026Q1","TRX","Nurtec","Others","WD",46018
"2026Q1","TRX","Nurtec","Others","WD_MARKET_SHARE",0.366841
"2026Q1","TRX","Nurtec","Overall","FILL_RATE",0.73982
"2026Q1","TRX","Nurtec","Overall","PD_CLAIMS",584271
"2026Q1","TRX","Nurtec","Overall","PD_MARKET_SHARE",0.418315
"2026Q1","TRX","Nurtec","Overall","RJ_RATE",0.174685
"2026Q1","TRX","Nurtec","Overall","RV_RATE",0.085496
"2026Q1","TRX","Nurtec","Overall","WD",789748
"2026Q1","TRX","Nurtec","Overall","WD_MARKET_SHARE",0.426687
"2026Q2","NBRX","Abbvie","Commercial","FILL_RATE",0.655007
"2026Q2","NBRX","Abbvie","Commercial","PD_CLAIMS",57674
"2026Q2","NBRX","Abbvie","Commercial","PD_MARKET_SHARE",0.596477
"2026Q2","NBRX","Abbvie","Commercial","RJ_RATE",0.260531
"2026Q2","NBRX","Abbvie","Commercial","RV_RATE",0.084462
"2026Q2","NBRX","Abbvie","Commercial","WD",88051
"2026Q2","NBRX","Abbvie","Commercial","WD_MARKET_SHARE",0.538878
"2026Q2","NBRX","Abbvie","Medicaid","FILL_RATE",0.43627
"2026Q2","NBRX","Abbvie","Medicaid","PD_CLAIMS",9512
"2026Q2","NBRX","Abbvie","Medicaid","PD_MARKET_SHARE",0.525177
"2026Q2","NBRX","Abbvie","Medicaid","RJ_RATE",0.512452
"2026Q2","NBRX","Abbvie","Medicaid","RV_RATE",0.051277
"2026Q2","NBRX","Abbvie","Medicaid","WD",21803
"2026Q2","NBRX","Abbvie","Medicaid","WD_MARKET_SHARE",0.532157
"2026Q2","NBRX","Abbvie","Medicare","FILL_RATE",0.447259
"2026Q2","NBRX","Abbvie","Medicare","PD_CLAIMS",11249
"2026Q2","NBRX","Abbvie","Medicare","PD_MARKET_SHARE",0.582669
"2026Q3","NBRX","Abbvie","Medicaid","PD_CLAIMS",254
"2026Q3","NBRX","Abbvie","Medicaid","PD_MARKET_SHARE",0.490347
"2026Q3","NBRX","Abbvie","Medicaid","RJ_RATE",0.759205
"2026Q3","NBRX","Abbvie","Medicaid","RV_RATE",0.053756
"2026Q3","NBRX","Abbvie","Medicaid","WD",1358
"2026Q3","NBRX","Abbvie","Medicaid","WD_MARKET_SHARE",0.535489
"2026Q3","NBRX","Abbvie","Medicare","FILL_RATE",0.282252
"2026Q3","NBRX","Abbvie","Medicare","PD_CLAIMS",396
"2026Q3","NBRX","Abbvie","Medicare","PD_MARKET_SHARE",0.591045
"2026Q3","NBRX","Abbvie","Medicare","RJ_RATE",0.587313
"2026Q3","NBRX","Abbvie","Medicare","RV_RATE",0.130435
"2026Q3","NBRX","Abbvie","Medicare","WD",1403
"2026Q3","NBRX","Abbvie","Medicare","WD_MARKET_SHARE",0.530836
"2026Q3","NBRX","Abbvie","Others","FILL_RATE",0.209607
"2026Q3","NBRX","Abbvie","Others","PD_CLAIMS",192
"2026Q3","NBRX","Abbvie","Others","PD_MARKET_SHARE",0.685714
"2026Q3","NBRX","Abbvie","Others","RJ_RATE",0.592795
"2026Q3","NBRX","Abbvie","Others","RV_RATE",0.197598
"2026Q3","NBRX","Abbvie","Others","WD",916
"2026Q3","NBRX","Abbvie","Others","WD_MARKET_SHARE",0.566481
"2026Q3","NBRX","Abbvie","Overall","FILL_RATE",0.303644
"2026Q3","NBRX","Abbvie","Overall","PD_CLAIMS",2400
"2026Q3","NBRX","Abbvie","Overall","PD_MARKET_SHARE",0.585223
"2026Q3","NBRX","Abbvie","Overall","RJ_RATE",0.593623
"2026Q3","NBRX","Abbvie","Overall","RV_RATE",0.102733
"2026Q3","NBRX","Abbvie","Overall","WD",7904
"2026Q3","NBRX","Abbvie","Overall","WD_MARKET_SHARE",0.512017
"2026Q3","NBRX","Nurtec","Commercial","FILL_RATE",0.243543
"2026Q3","NBRX","Nurtec","Commercial","PD_CLAIMS",1075
"2026Q3","NBRX","Nurtec","Commercial","PD_MARKET_SHARE",0.40828
"2026Q3","NBRX","Nurtec","Commercial","RJ_RATE",0.712959
"2026Q3","NBRX","Nurtec","Commercial","RV_RATE",0.043498
"2026Q3","NBRX","Nurtec","Commercial","WD",4414
"2026Q3","NBRX","Nurtec","Commercial","WD_MARKET_SHARE",0.510821
"2026Q3","NBRX","Nurtec","Medicaid","FILL_RATE",0.224109
"2026Q3","NBRX","Nurtec","Medicaid","PD_CLAIMS",264
"2026Q3","NBRX","Nurtec","Medicaid","PD_MARKET_SHARE",0.509653
"2026Q3","NBRX","Nurtec","Medicaid","RJ_RATE",0.744482
"2026Q3","NBRX","Nurtec","Medicaid","RV_RATE",0.031409
"2026Q3","NBRX","Nurtec","Medicaid","WD",1178
"2026Q3","NBRX","Nurtec","Medicaid","WD_MARKET_SHARE",0.464511
"2026Q3","NBRX","Nurtec","Medicare","FILL_RATE",0.220968
"2026Q3","NBRX","Nurtec","Medicare","PD_CLAIMS",274
"2026Q3","NBRX","Nurtec","Medicare","PD_MARKET_SHARE",0.408955
"2026Q3","NBRX","Nurtec","Medicare","RJ_RATE",0.660484
"2026Q3","NBRX","Nurtec","Medicare","RV_RATE",0.118548
"2026Q3","NBRX","Nurtec","Medicare","WD",1240
"2026Q3","NBRX","Nurtec","Medicare","WD_MARKET_SHARE",0.469164
"2026Q3","NBRX","Nurtec","Others","FILL_RATE",0.125535
"2026Q3","NBRX","Nurtec","Others","PD_CLAIMS",88
"2026Q3","NBRX","Nurtec","Others","PD_MARKET_SHARE",0.314286
"2026Q3","NBRX","Nurtec","Others","RJ_RATE",0.629101
"2026Q3","NBRX","Nurtec","Others","RV_RATE",0.245364
"2026Q3","NBRX","Nurtec","Others","WD",701
"2026Q3","NBRX","Nurtec","Others","WD_MARKET_SHARE",0.433519
"2026Q3","NBRX","Nurtec","Overall","FILL_RATE",0.225806
"2026Q3","NBRX","Nurtec","Overall","PD_CLAIMS",1701
"2026Q3","NBRX","Nurtec","Overall","PD_MARKET_SHARE",0.414777
"2026Q3","NBRX","Nurtec","Overall","RJ_RATE",0.701447
"2026Q3","NBRX","Nurtec","Overall","RV_RATE",0.072747
"2026Q3","NBRX","Nurtec","Overall","WD",7533
"2026Q3","NBRX","Nurtec","Overall","WD_MARKET_SHARE",0.487983
"2026Q3","TRX","Abbvie","Commercial","FILL_RATE",0.519926
"2026Q3","TRX","Abbvie","Commercial","PD_CLAIMS",14299
"2026Q3","TRX","Abbvie","Commercial","PD_MARKET_SHARE",0.558751
"2026Q3","TRX","Abbvie","Commercial","RJ_RATE",0.354011
"2026Q3","TRX","Abbvie","Commercial","RV_RATE",0.126064
"2026Q3","TRX","Abbvie","Commercial","WD",27502
"2026Q3","TRX","Abbvie","Commercial","WD_MARKET_SHARE",0.543475
"2026Q3","TRX","Abbvie","Medicaid","FILL_RATE",0.441629
"2026Q3","TRX","Abbvie","Medicaid","PD_CLAIMS",2754
"2026Q3","TRX","Abbvie","Medicaid","PD_MARKET_SHARE",0.5209
"2026Q3","TRX","Abbvie","Medicaid","RJ_RATE",0.461514
"2026Q3","TRX","Abbvie","Medicaid","RV_RATE",0.096857
"2026Q3","TRX","Abbvie","Medicaid","WD",6236
"2026Q3","TRX","Abbvie","Medicaid","WD_MARKET_SHARE",0.519494
"2026Q3","TRX","Abbvie","Medicare","FILL_RATE",0.546661
"2026Q3","TRX","Abbvie","Medicare","PD_CLAIMS",3872
"2026Q3","TRX","Abbvie","Medicare","PD_MARKET_SHARE",0.597531
"2026Q3","TRX","Abbvie","Medicare","RJ_RATE",0.302979
"2026Q3","TRX","Abbvie","Medicare","RV_RATE",0.15036
"2026Q3","TRX","Abbvie","Medicare","WD",7083
"2026Q3","TRX","Abbvie","Medicare","WD_MARKET_SHARE",0.569144
"2026Q3","TRX","Abbvie","Others","FILL_RATE",0.375069
"2026Q3","TRX","Abbvie","Others","PD_CLAIMS",1357
"2026Q3","TRX","Abbvie","Others","PD_MARKET_SHARE",0.672115
"2026Q3","TRX","Abbvie","Others","RJ_RATE",0.418463
"2026Q3","TRX","Abbvie","Others","RV_RATE",0.206468
"2026Q3","TRX","Abbvie","Others","WD",3618
"2026Q3","TRX","Abbvie","Others","WD_MARKET_SHARE",0.616249
"2026Q3","TRX","Abbvie","Overall","FILL_RATE",0.501406
"2026Q3","TRX","Abbvie","Overall","PD_CLAIMS",22282
"2026Q3","TRX","Abbvie","Overall","PD_MARKET_SHARE",0.565863
"2026Q3","TRX","Abbvie","Overall","RJ_RATE",0.36621
"2026Q3","TRX","Abbvie","Overall","RV_RATE",0.132384
"2026Q3","TRX","Abbvie","Overall","WD",44439
"2026Q3","TRX","Abbvie","Overall","WD_MARKET_SHARE",0.549145
"2026Q3","TRX","Nurtec","Commercial","FILL_RATE",0.488789
"2026Q3","TRX","Nurtec","Commercial","PD_CLAIMS",11292
"2026Q3","TRX","Nurtec","Commercial","PD_MARKET_SHARE",0.441249
"2026Q3","TRX","Nurtec","Commercial","RJ_RATE",0.416241
"2026Q3","TRX","Nurtec","Commercial","RV_RATE",0.09497
"2026Q3","TRX","Nurtec","Commercial","WD",23102
"2026Q3","TRX","Nurtec","Commercial","WD_MARKET_SHARE",0.456525
"2026Q3","TRX","Nurtec","Medicaid","FILL_RATE",0.439147
"2026Q3","TRX","Nurtec","Medicaid","PD_CLAIMS",2533
"2026Q3","TRX","Nurtec","Medicaid","PD_MARKET_SHARE",0.4791
"2026Q3","TRX","Nurtec","Medicaid","RJ_RATE",0.480409
"2026Q3","TRX","Nurtec","Medicaid","RV_RATE",0.080444
"2026Q3","TRX","Nurtec","Medicaid","WD",5768
"2026Q3","TRX","Nurtec","Medicaid","WD_MARKET_SHARE",0.480506
"2026Q3","TRX","Nurtec","Medicare","FILL_RATE",0.486386
"2026Q3","TRX","Nurtec","Medicare","PD_CLAIMS",2608
"2026Q3","TRX","Nurtec","Medicare","PD_MARKET_SHARE",0.402469
"2026Q3","TRX","Nurtec","Medicare","RJ_RATE",0.378963
"2026Q3","TRX","Nurtec","Medicare","RV_RATE",0.134651
"2026Q3","TRX","Nurtec","Medicare","WD",5362
"2026Q3","TRX","Nurtec","Medicare","WD_MARKET_SHARE",0.430856
"2026Q3","TRX","Nurtec","Others","FILL_RATE",0.29383
"2026Q3","TRX","Nurtec","Others","PD_CLAIMS",662
"2026Q3","TRX","Nurtec","Others","PD_MARKET_SHARE",0.327885
"2026Q3","TRX","Nurtec","Others","RJ_RATE",0.489126
"2026Q3","TRX","Nurtec","Others","RV_RATE",0.217044
"2026Q3","TRX","Nurtec","Others","WD",2253
"2026Q3","TRX","Nurtec","Others","WD_MARKET_SHARE",0.383751
"2026Q3","TRX","Nurtec","Overall","FILL_RATE",0.468549
"2026Q3","TRX","Nurtec","Overall","PD_CLAIMS",17095
"2026Q3","TRX","Nurtec","Overall","PD_MARKET_SHARE",0.434137
"2026Q3","TRX","Nurtec","Overall","RJ_RATE",0.425408
"2026Q3","TRX","Nurtec","Overall","RV_RATE",0.106044
"2026Q3","TRX","Nurtec","Overall","WD",36485
"2026Q3","TRX","Nurtec","Overall","WD_MARKET_SHARE",0.450855
"2025Q1","NBRX","Nurtec","Others","WD",13237
"2025Q1","NBRX","Nurtec","Others","WD_MARKET_SHARE",0.461606
"2025Q1","NBRX","Nurtec","Overall","FILL_RATE",0.453991
"2025Q1","NBRX","Nurtec","Overall","PD_CLAIMS",53556
"2025Q1","NBRX","Nurtec","Overall","PD_MARKET_SHARE",0.392752
"2025Q1","NBRX","Nurtec","Overall","RJ_RATE",0.420804
"2025Q1","NBRX","Nurtec","Overall","RV_RATE",0.125205
"2025Q1","NBRX","Nurtec","Overall","WD",117967
"2025Q1","NBRX","Nurtec","Overall","WD_MARKET_SHARE",0.453899
"2025Q1","TRX","Abbvie","Commercial","FILL_RATE",0.796713
"2025Q1","TRX","Abbvie","Commercial","PD_CLAIMS",492355
"2025Q1","TRX","Abbvie","Commercial","PD_MARKET_SHARE",0.582205
"2025Q1","TRX","Abbvie","Commercial","RJ_RATE",0.135161
"2025Q1","TRX","Abbvie","Commercial","RV_RATE",0.068126
"2025Q1","TRX","Abbvie","Commercial","WD",617983
"2025Q1","TRX","Abbvie","Commercial","WD_MARKET_SHARE",0.573705
"2025Q1","TRX","Abbvie","Medicaid","FILL_RATE",0.737561
"2025Q1","TRX","Abbvie","Medicaid","PD_CLAIMS",86153
"2025Q1","TRX","Abbvie","Medicaid","PD_MARKET_SHARE",0.507834
"2025Q1","TRX","Abbvie","Medicaid","RJ_RATE",0.207212
"2025Q1","TRX","Abbvie","Medicaid","RV_RATE",0.055227
"2025Q1","TRX","Abbvie","Medicaid","WD",116808
"2025Q1","TRX","Abbvie","Medicaid","WD_MARKET_SHARE",0.508389
"2025Q1","TRX","Abbvie","Medicare","FILL_RATE",0.73112
"2025Q1","TRX","Abbvie","Medicare","PD_CLAIMS",103683
"2025Q1","TRX","Abbvie","Medicare","PD_MARKET_SHARE",0.582224
"2025Q1","TRX","Abbvie","Medicare","RJ_RATE",0.119516
"2025Q1","TRX","Abbvie","Medicare","RV_RATE",0.149365
"2025Q1","TRX","Abbvie","Medicare","WD",141814
"2025Q1","TRX","Abbvie","Medicare","WD_MARKET_SHARE",0.575679
"2025Q1","TRX","Abbvie","Others","FILL_RATE",0.596341
"2025Q1","TRX","Abbvie","Others","PD_CLAIMS",41921
"2025Q1","TRX","Abbvie","Others","PD_MARKET_SHARE",0.634532
"2025Q1","TRX","Abbvie","Others","RJ_RATE",0.205941
"2025Q1","TRX","Abbvie","Others","RV_RATE",0.197718
"2025Q1","TRX","Abbvie","Others","WD",70297
"2025Q1","TRX","Abbvie","Others","WD_MARKET_SHARE",0.589834
"2025Q1","TRX","Abbvie","Overall","FILL_RATE",0.764717
"2025Q1","TRX","Abbvie","Overall","PD_CLAIMS",724112
"2025Q1","TRX","Abbvie","Overall","PD_MARKET_SHARE",0.574935
"2025Q1","TRX","Abbvie","Overall","RJ_RATE",0.14696
"2025Q1","TRX","Abbvie","Overall","RV_RATE",0.088323
"2025Q1","TRX","Abbvie","Overall","WD",946902
"2025Q1","TRX","Abbvie","Overall","WD_MARKET_SHARE",0.566172
"2025Q1","TRX","Nurtec","Commercial","FILL_RATE",0.769427
"2025Q1","TRX","Nurtec","Commercial","PD_CLAIMS",353318
"2025Q1","TRX","Nurtec","Commercial","PD_MARKET_SHARE",0.417795
"2025Q1","TRX","Nurtec","Commercial","RJ_RATE",0.164191
"2025Q1","TRX","Nurtec","Commercial","RV_RATE",0.066381
"2025Q1","TRX","Nurtec","Commercial","WD",459196
"2025Q1","TRX","Nurtec","Commercial","WD_MARKET_SHARE",0.426295
"2025Q1","TRX","Nurtec","Medicaid","FILL_RATE",0.739201
"2025Q1","TRX","Nurtec","Medicaid","PD_CLAIMS",83495
"2025Q1","TRX","Nurtec","Medicaid","PD_MARKET_SHARE",0.492166
"2025Q1","TRX","Nurtec","Medicaid","RJ_RATE",0.203934
"2025Q1","TRX","Nurtec","Medicaid","RV_RATE",0.056864
"2025Q1","TRX","Nurtec","Medicaid","WD",112953
"2025Q1","TRX","Nurtec","Medicaid","WD_MARKET_SHARE",0.491611
"2025Q1","TRX","Nurtec","Medicare","FILL_RATE",0.711752
"2025Q1","TRX","Nurtec","Medicare","PD_CLAIMS",74398
"2025Q1","TRX","Nurtec","Medicare","PD_MARKET_SHARE",0.417776
"2025Q1","TRX","Nurtec","Medicare","RJ_RATE",0.138977
"2025Q1","TRX","Nurtec","Medicare","RV_RATE",0.149271
"2025Q1","TRX","Nurtec","Medicare","WD",104528
"2025Q1","TRX","Nurtec","Medicare","WD_MARKET_SHARE",0.424321
"2025Q2","TRX","Nurtec","Medicaid","WD_MARKET_SHARE",0.485035
"2025Q2","TRX","Nurtec","Medicare","FILL_RATE",0.728359
"2025Q2","TRX","Nurtec","Medicare","PD_CLAIMS",79708
"2025Q2","TRX","Nurtec","Medicare","PD_MARKET_SHARE",0.410113
"2025Q2","TRX","Nurtec","Medicare","RJ_RATE",0.161511
"2025Q2","TRX","Nurtec","Medicare","RV_RATE",0.110129
"2025Q2","TRX","Nurtec","Medicare","WD",109435
"2025Q2","TRX","Nurtec","Medicare","WD_MARKET_SHARE",0.42102
"2025Q2","TRX","Nurtec","Others","FILL_RATE",0.48658
"2025Q2","TRX","Nurtec","Others","PD_CLAIMS",24220
"2025Q2","TRX","Nurtec","Others","PD_MARKET_SHARE",0.335327
"2025Q2","TRX","Nurtec","Others","RJ_RATE",0.296147
"2025Q2","TRX","Nurtec","Others","RV_RATE",0.217273
"2025Q2","TRX","Nurtec","Others","WD",49776
"2025Q2","TRX","Nurtec","Others","WD_MARKET_SHARE",0.394322
"2025Q2","TRX","Nurtec","Overall","FILL_RATE",0.750673
"2025Q2","TRX","Nurtec","Overall","PD_CLAIMS",565759
"2025Q2","TRX","Nurtec","Overall","PD_MARKET_SHARE",0.42135
"2025Q2","TRX","Nurtec","Overall","RJ_RATE",0.171508
"2025Q2","TRX","Nurtec","Overall","RV_RATE",0.077819
"2025Q2","TRX","Nurtec","Overall","WD",753669
"2025Q2","TRX","Nurtec","Overall","WD_MARKET_SHARE",0.430834
"2025Q3","NBRX","Abbvie","Commercial","FILL_RATE",0.678434
"2025Q3","NBRX","Abbvie","Commercial","PD_CLAIMS",57825
"2025Q3","NBRX","Abbvie","Commercial","PD_MARKET_SHARE",0.63241
"2025Q3","NBRX","Abbvie","Commercial","RJ_RATE",0.235824
"2025Q3","NBRX","Abbvie","Commercial","RV_RATE",0.085741
"2025Q3","NBRX","Abbvie","Commercial","WD",85233
"2025Q3","NBRX","Abbvie","Commercial","WD_MARKET_SHARE",0.555195
"2025Q3","NBRX","Abbvie","Medicaid","FILL_RATE",0.443836
"2025Q3","NBRX","Abbvie","Medicaid","PD_CLAIMS",9317
"2025Q3","NBRX","Abbvie","Medicaid","PD_MARKET_SHARE",0.513164
"2025Q3","NBRX","Abbvie","Medicaid","RJ_RATE",0.510337
"2025Q3","NBRX","Abbvie","Medicaid","RV_RATE",0.045827
"2025Q3","NBRX","Abbvie","Medicaid","WD",20992
"2025Q3","NBRX","Abbvie","Medicaid","WD_MARKET_SHARE",0.526366
"2025Q3","NBRX","Abbvie","Medicare","FILL_RATE",0.470869
"2025Q3","NBRX","Abbvie","Medicare","PD_CLAIMS",11444
"2025Q3","NBRX","Abbvie","Medicare","PD_MARKET_SHARE",0.583878
"2025Q3","NBRX","Abbvie","Medicare","RJ_RATE",0.342454
"2025Q3","NBRX","Abbvie","Medicare","RV_RATE",0.186677
"2025Q3","NBRX","Abbvie","Medicare","WD",24304
"2025Q3","NBRX","Abbvie","Medicare","WD_MARKET_SHARE",0.555013
"2025Q3","NBRX","Abbvie","Others","FILL_RATE",0.433502
"2025Q3","NBRX","Abbvie","Others","PD_CLAIMS",7699
"2025Q3","NBRX","Abbvie","Others","PD_MARKET_SHARE",0.746461
"2025Q3","NBRX","Abbvie","Others","RJ_RATE",0.305968
"2025Q3","NBRX","Abbvie","Others","RV_RATE",0.260529
"2025Q3","NBRX","Abbvie","Others","WD",17760
"2025Q3","NBRX","Abbvie","Others","WD_MARKET_SHARE",0.565371
"2025Q3","NBRX","Abbvie","Overall","FILL_RATE",0.581871
"2025Q3","NBRX","Abbvie","Overall","PD_CLAIMS",86285
"2025Q3","NBRX","Abbvie","Overall","PD_MARKET_SHARE",0.618504
"2025Q3","NBRX","Abbvie","Overall","RJ_RATE",0.300562
"2025Q3","NBRX","Abbvie","Overall","RV_RATE",0.117568
"2025Q3","NBRX","Abbvie","Overall","WD",148289
"2025Q3","NBRX","Abbvie","Overall","WD_MARKET_SHARE",0.552075
"2025Q3","NBRX","Nurtec","Commercial","FILL_RATE",0.492209
"2025Q3","NBRX","Nurtec","Commercial","PD_CLAIMS",33611
"2025Q3","NBRX","Nurtec","Commercial","PD_MARKET_SHARE",0.36759
"2025Q3","NBRX","Nurtec","Commercial","RJ_RATE",0.435521
"2025Q3","NBRX","Nurtec","Commercial","RV_RATE",0.07227
"2025Q3","NBRX","Nurtec","Commercial","WD",68286
"2025Q3","NBRX","Nurtec","Commercial","WD_MARKET_SHARE",0.444805
"2025Q3","NBRX","Nurtec","Medicaid","FILL_RATE",0.467944
"2024Q4","TRX","Nurtec","Overall","PD_MARKET_SHARE",0.439656
"2024Q4","TRX","Nurtec","Overall","RJ_RATE",0.165295
"2024Q4","TRX","Nurtec","Overall","RV_RATE",0.074343
"2024Q4","TRX","Nurtec","Overall","WD",752541
"2024Q4","TRX","Nurtec","Overall","WD_MARKET_SHARE",0.44355
"2025Q1","NBRX","Abbvie","Commercial","FILL_RATE",0.678657
"2025Q1","NBRX","Abbvie","Commercial","PD_CLAIMS",56600
"2025Q1","NBRX","Abbvie","Commercial","PD_MARKET_SHARE",0.62295
"2025Q1","NBRX","Abbvie","Commercial","RJ_RATE",0.236091
"2025Q1","NBRX","Abbvie","Commercial","RV_RATE",0.085252
"2025Q1","NBRX","Abbvie","Commercial","WD",83400
"2025Q1","NBRX","Abbvie","Commercial","WD_MARKET_SHARE",0.551485
"2025Q1","NBRX","Abbvie","Medicaid","FILL_RATE",0.444703
"2025Q1","NBRX","Abbvie","Medicaid","PD_CLAIMS",8806
"2025Q1","NBRX","Abbvie","Medicaid","PD_MARKET_SHARE",0.508488
"2025Q1","NBRX","Abbvie","Medicaid","RJ_RATE",0.508181
"2025Q1","NBRX","Abbvie","Medicaid","RV_RATE",0.047116
"2025Q1","NBRX","Abbvie","Medicaid","WD",19802
"2025Q1","NBRX","Abbvie","Medicaid","WD_MARKET_SHARE",0.51751
"2025Q1","NBRX","Abbvie","Medicare","FILL_RATE",0.482159
"2025Q1","NBRX","Abbvie","Medicare","PD_CLAIMS",11229
"2025Q1","NBRX","Abbvie","Medicare","PD_MARKET_SHARE",0.586984
"2025Q1","NBRX","Abbvie","Medicare","RJ_RATE",0.27017
"2025Q1","NBRX","Abbvie","Medicare","RV_RATE",0.247671
"2025Q1","NBRX","Abbvie","Medicare","WD",23289
"2025Q1","NBRX","Abbvie","Medicare","WD_MARKET_SHARE",0.558101
"2025Q1","NBRX","Abbvie","Others","FILL_RATE",0.399637
"2025Q1","NBRX","Abbvie","Others","PD_CLAIMS",6170
"2025Q1","NBRX","Abbvie","Others","PD_MARKET_SHARE",0.681391
"2025Q1","NBRX","Abbvie","Others","RJ_RATE",0.314593
"2025Q1","NBRX","Abbvie","Others","RV_RATE",0.28577
"2025Q1","NBRX","Abbvie","Others","WD",15439
"2025Q1","NBRX","Abbvie","Others","WD_MARKET_SHARE",0.538394
"2025Q1","NBRX","Abbvie","Overall","FILL_RATE",0.583421
"2025Q1","NBRX","Abbvie","Overall","PD_CLAIMS",82805
"2025Q1","NBRX","Abbvie","Overall","PD_MARKET_SHARE",0.607248
"2025Q1","NBRX","Abbvie","Overall","RJ_RATE",0.288184
"2025Q1","NBRX","Abbvie","Overall","RV_RATE",0.128394
"2025Q1","NBRX","Abbvie","Overall","WD",141930
"2025Q1","NBRX","Abbvie","Overall","WD_MARKET_SHARE",0.546101
"2025Q1","NBRX","Nurtec","Commercial","FILL_RATE",0.505072
"2025Q1","NBRX","Nurtec","Commercial","PD_CLAIMS",34258
"2025Q1","NBRX","Nurtec","Commercial","PD_MARKET_SHARE",0.37705
"2025Q1","NBRX","Nurtec","Commercial","RJ_RATE",0.425223
"2025Q1","NBRX","Nurtec","Commercial","RV_RATE",0.069706
"2025Q1","NBRX","Nurtec","Commercial","WD",67828
"2025Q1","NBRX","Nurtec","Commercial","WD_MARKET_SHARE",0.448515
"2025Q1","NBRX","Nurtec","Medicaid","FILL_RATE",0.461055
"2025Q1","NBRX","Nurtec","Medicaid","PD_CLAIMS",8512
"2025Q1","NBRX","Nurtec","Medicaid","PD_MARKET_SHARE",0.491512
"2025Q1","NBRX","Nurtec","Medicaid","RJ_RATE",0.486838
"2025Q1","NBRX","Nurtec","Medicaid","RV_RATE",0.052107
"2025Q1","NBRX","Nurtec","Medicaid","WD",18462
"2025Q1","NBRX","Nurtec","Medicaid","WD_MARKET_SHARE",0.48249
"2025Q1","NBRX","Nurtec","Medicare","FILL_RATE",0.428471
"2025Q1","NBRX","Nurtec","Medicare","PD_CLAIMS",7901
"2025Q1","NBRX","Nurtec","Medicare","PD_MARKET_SHARE",0.413016
"2025Q1","NBRX","Nurtec","Medicare","RJ_RATE",0.329664
"2025Q1","NBRX","Nurtec","Medicare","RV_RATE",0.241866
"2025Q1","NBRX","Nurtec","Medicare","WD",18440
"2025Q1","NBRX","Nurtec","Medicare","WD_MARKET_SHARE",0.441899
"2025Q1","NBRX","Nurtec","Others","FILL_RATE",0.21795
"2025Q1","NBRX","Nurtec","Others","PD_CLAIMS",2885
"2025Q1","NBRX","Nurtec","Others","PD_MARKET_SHARE",0.318609
"2025Q1","NBRX","Nurtec","Others","RJ_RATE",0.433029
"2025Q1","NBRX","Nurtec","Others","RV_RATE",0.349022
"2025Q3","NBRX","Nurtec","Medicaid","PD_CLAIMS",8839
"2025Q3","NBRX","Nurtec","Medicaid","PD_MARKET_SHARE",0.486836
"2025Q3","NBRX","Nurtec","Medicaid","RJ_RATE",0.483721
"2025Q3","NBRX","Nurtec","Medicaid","RV_RATE",0.048335
"2025Q3","NBRX","Nurtec","Medicaid","WD",18889
"2025Q3","NBRX","Nurtec","Medicaid","WD_MARKET_SHARE",0.473634
"2025Q3","NBRX","Nurtec","Medicare","FILL_RATE",0.418557
"2025Q3","NBRX","Nurtec","Medicare","PD_CLAIMS",8156
"2025Q3","NBRX","Nurtec","Medicare","PD_MARKET_SHARE",0.416122
"2025Q3","NBRX","Nurtec","Medicare","RJ_RATE",0.413168
"2025Q3","NBRX","Nurtec","Medicare","RV_RATE",0.168275
"2025Q3","NBRX","Nurtec","Medicare","WD",19486
"2025Q3","NBRX","Nurtec","Medicare","WD_MARKET_SHARE",0.444987
"2025Q3","NBRX","Nurtec","Others","FILL_RATE",0.191533
"2025Q3","NBRX","Nurtec","Others","PD_CLAIMS",2615
"2025Q3","NBRX","Nurtec","Others","PD_MARKET_SHARE",0.253539
"2025Q3","NBRX","Nurtec","Others","RJ_RATE",0.478942
"2025Q3","NBRX","Nurtec","Others","RV_RATE",0.329525
"2025Q3","NBRX","Nurtec","Others","WD",13653
"2025Q3","NBRX","Nurtec","Others","WD_MARKET_SHARE",0.434629
"2025Q3","NBRX","Nurtec","Overall","FILL_RATE",0.442351
"2025Q3","NBRX","Nurtec","Overall","PD_CLAIMS",53221
"2025Q3","NBRX","Nurtec","Overall","PD_MARKET_SHARE",0.381496
"2025Q3","NBRX","Nurtec","Overall","RJ_RATE",0.444395
"2025Q3","NBRX","Nurtec","Overall","RV_RATE",0.113254
"2025Q3","NBRX","Nurtec","Overall","WD",120314
"2025Q3","NBRX","Nurtec","Overall","WD_MARKET_SHARE",0.447925
"2025Q3","TRX","Abbvie","Commercial","FILL_RATE",0.815504
"2025Q3","TRX","Abbvie","Commercial","PD_CLAIMS",539121
"2025Q3","TRX","Abbvie","Commercial","PD_MARKET_SHARE",0.586761
"2025Q3","TRX","Abbvie","Commercial","RJ_RATE",0.116951
"2025Q3","TRX","Abbvie","Commercial","RV_RATE",0.067545
"2025Q3","TRX","Abbvie","Commercial","WD",661089
"2025Q3","TRX","Abbvie","Commercial","WD_MARKET_SHARE",0.576058
"2025Q3","TRX","Abbvie","Medicaid","FILL_RATE",0.745266
"2025Q3","TRX","Abbvie","Medicaid","PD_CLAIMS",96506
"2025Q3","TRX","Abbvie","Medicaid","PD_MARKET_SHARE",0.52113
"2025Q3","TRX","Abbvie","Medicaid","RJ_RATE",0.200954
"2025Q3","TRX","Abbvie","Medicaid","RV_RATE",0.053779
"2025Q3","TRX","Abbvie","Medicaid","WD",129492
"2025Q3","TRX","Abbvie","Medicaid","WD_MARKET_SHARE",0.519894
"2025Q3","TRX","Abbvie","Medicare","FILL_RATE",0.789356
"2025Q3","TRX","Abbvie","Medicare","PD_CLAIMS",128474
"2025Q3","TRX","Abbvie","Medicare","PD_MARKET_SHARE",0.592401
"2025Q3","TRX","Abbvie","Medicare","RJ_RATE",0.117831
"2025Q3","TRX","Abbvie","Medicare","RV_RATE",0.092813
"2025Q3","TRX","Abbvie","Medicare","WD",162758
"2025Q3","TRX","Abbvie","Medicare","WD_MARKET_SHARE",0.581131
"2025Q3","TRX","Abbvie","Others","FILL_RATE",0.640368
"2025Q3","TRX","Abbvie","Others","PD_CLAIMS",51378
"2025Q3","TRX","Abbvie","Others","PD_MARKET_SHARE",0.680557
"2025Q3","TRX","Abbvie","Others","RJ_RATE",0.183418
"2025Q3","TRX","Abbvie","Others","RV_RATE",0.176214
"2025Q3","TRX","Abbvie","Others","WD",80232
"2025Q3","TRX","Abbvie","Others","WD_MARKET_SHARE",0.615309
"2025Q3","TRX","Abbvie","Overall","FILL_RATE",0.788992
"2025Q3","TRX","Abbvie","Overall","PD_CLAIMS",815479
"2025Q3","TRX","Abbvie","Overall","PD_MARKET_SHARE",0.584004
"2025Q3","TRX","Abbvie","Overall","RJ_RATE",0.132774
"2025Q3","TRX","Abbvie","Overall","RV_RATE",0.078235
"2025Q3","TRX","Abbvie","Overall","WD",1033571
"2025Q3","TRX","Abbvie","Overall","WD_MARKET_SHARE",0.571935
"2025Q3","TRX","Nurtec","Commercial","FILL_RATE",0.780414
"2025Q3","TRX","Nurtec","Commercial","PD_CLAIMS",379687
"2025Q3","TRX","Nurtec","Commercial","PD_MARKET_SHARE",0.413239
"2025Q3","TRX","Nurtec","Commercial","RJ_RATE",0.156216
"2025Q2","NBRX","Nurtec","Medicare","RJ_RATE",0.399474
"2025Q2","NBRX","Nurtec","Medicare","RV_RATE",0.198737
"2025Q2","NBRX","Nurtec","Medicare","WD",19005
"2025Q2","NBRX","Nurtec","Medicare","WD_MARKET_SHARE",0.447598
"2025Q2","NBRX","Nurtec","Others","FILL_RATE",0.20945
"2025Q2","NBRX","Nurtec","Others","PD_CLAIMS",2828
"2025Q2","NBRX","Nurtec","Others","PD_MARKET_SHARE",0.278484
"2025Q2","NBRX","Nurtec","Others","RJ_RATE",0.462524
"2025Q2","NBRX","Nurtec","Others","RV_RATE",0.328025
"2025Q2","NBRX","Nurtec","Others","WD",13502
"2025Q2","NBRX","Nurtec","Others","WD_MARKET_SHARE",0.441271
"2025Q2","NBRX","Nurtec","Overall","FILL_RATE",0.447772
"2025Q2","NBRX","Nurtec","Overall","PD_CLAIMS",53387
"2025Q2","NBRX","Nurtec","Overall","PD_MARKET_SHARE",0.389817
"2025Q2","NBRX","Nurtec","Overall","RJ_RATE",0.437146
"2025Q2","NBRX","Nurtec","Overall","RV_RATE",0.115082
"2025Q2","NBRX","Nurtec","Overall","WD",119228
"2025Q2","NBRX","Nurtec","Overall","WD_MARKET_SHARE",0.452915
"2025Q2","TRX","Abbvie","Commercial","FILL_RATE",0.810168
"2025Q2","TRX","Abbvie","Commercial","PD_CLAIMS",521791
"2025Q2","TRX","Abbvie","Commercial","PD_MARKET_SHARE",0.581914
"2025Q2","TRX","Abbvie","Commercial","RJ_RATE",0.121569
"2025Q2","TRX","Abbvie","Commercial","RV_RATE",0.068263
"2025Q2","TRX","Abbvie","Commercial","WD",644053
"2025Q2","TRX","Abbvie","Commercial","WD_MARKET_SHARE",0.574483
"2025Q2","TRX","Abbvie","Medicaid","FILL_RATE",0.742219
"2025Q2","TRX","Abbvie","Medicaid","PD_CLAIMS",92522
"2025Q2","TRX","Abbvie","Medicaid","PD_MARKET_SHARE",0.515546
"2025Q2","TRX","Abbvie","Medicaid","RJ_RATE",0.203584
"2025Q2","TRX","Abbvie","Medicaid","RV_RATE",0.054197
"2025Q2","TRX","Abbvie","Medicaid","WD",124656
"2025Q2","TRX","Abbvie","Medicaid","WD_MARKET_SHARE",0.514965
"2025Q2","TRX","Abbvie","Medicare","FILL_RATE",0.761816
"2025Q2","TRX","Abbvie","Medicare","PD_CLAIMS",114648
"2025Q2","TRX","Abbvie","Medicare","PD_MARKET_SHARE",0.589887
"2025Q2","TRX","Abbvie","Medicare","RJ_RATE",0.133249
"2025Q2","TRX","Abbvie","Medicare","RV_RATE",0.104935
"2025Q2","TRX","Abbvie","Medicare","WD",150493
"2025Q2","TRX","Abbvie","Medicare","WD_MARKET_SHARE",0.57898
"2025Q2","TRX","Abbvie","Others","FILL_RATE",0.627917
"2025Q2","TRX","Abbvie","Others","PD_CLAIMS",48008
"2025Q2","TRX","Abbvie","Others","PD_MARKET_SHARE",0.664673
"2025Q2","TRX","Abbvie","Others","RJ_RATE",0.188304
"2025Q2","TRX","Abbvie","Others","RV_RATE",0.183779
"2025Q2","TRX","Abbvie","Others","WD",76456
"2025Q2","TRX","Abbvie","Others","WD_MARKET_SHARE",0.605678
"2025Q2","TRX","Abbvie","Overall","FILL_RATE",0.780357
"2025Q2","TRX","Abbvie","Overall","PD_CLAIMS",776969
"2025Q2","TRX","Abbvie","Overall","PD_MARKET_SHARE",0.57865
"2025Q2","TRX","Abbvie","Overall","RJ_RATE",0.138727
"2025Q2","TRX","Abbvie","Overall","RV_RATE",0.080915
"2025Q2","TRX","Abbvie","Overall","WD",995658
"2025Q2","TRX","Abbvie","Overall","WD_MARKET_SHARE",0.569166
"2025Q2","TRX","Nurtec","Commercial","FILL_RATE",0.785853
"2025Q2","TRX","Nurtec","Commercial","PD_CLAIMS",374889
"2025Q2","TRX","Nurtec","Commercial","PD_MARKET_SHARE",0.418086
"2025Q2","TRX","Nurtec","Commercial","RJ_RATE",0.153337
"2025Q2","TRX","Nurtec","Commercial","RV_RATE",0.06081
"2025Q2","TRX","Nurtec","Commercial","WD",477047
"2025Q2","TRX","Nurtec","Commercial","WD_MARKET_SHARE",0.425517
"2025Q2","TRX","Nurtec","Medicaid","FILL_RATE",0.740493
"2025Q2","TRX","Nurtec","Medicaid","PD_CLAIMS",86942
"2025Q2","TRX","Nurtec","Medicaid","PD_MARKET_SHARE",0.484454
"2025Q2","TRX","Nurtec","Medicaid","RJ_RATE",0.201812
"2025Q2","TRX","Nurtec","Medicaid","RV_RATE",0.057695
"2025Q2","TRX","Nurtec","Medicaid","WD",117411
"2025Q3","TRX","Nurtec","Commercial","RV_RATE",0.06337
"2025Q3","TRX","Nurtec","Commercial","WD",486520
"2025Q3","TRX","Nurtec","Commercial","WD_MARKET_SHARE",0.423942
"2025Q3","TRX","Nurtec","Medicaid","FILL_RATE",0.741583
"2025Q3","TRX","Nurtec","Medicaid","PD_CLAIMS",88680
"2025Q3","TRX","Nurtec","Medicaid","PD_MARKET_SHARE",0.47887
"2025Q3","TRX","Nurtec","Medicaid","RJ_RATE",0.203275
"2025Q3","TRX","Nurtec","Medicaid","RV_RATE",0.055142
"2025Q3","TRX","Nurtec","Medicaid","WD",119582
"2025Q3","TRX","Nurtec","Medicaid","WD_MARKET_SHARE",0.480106
"2025Q3","TRX","Nurtec","Medicare","FILL_RATE",0.753506
"2025Q3","TRX","Nurtec","Medicare","PD_CLAIMS",88396
"2025Q3","TRX","Nurtec","Medicare","PD_MARKET_SHARE",0.407599
"2025Q3","TRX","Nurtec","Medicare","RJ_RATE",0.153504
"2025Q3","TRX","Nurtec","Medicare","RV_RATE",0.092991
"2025Q3","TRX","Nurtec","Medicare","WD",117313
"2025Q3","TRX","Nurtec","Medicare","WD_MARKET_SHARE",0.418869
"2025Q3","TRX","Nurtec","Others","FILL_RATE",0.480772
"2025Q3","TRX","Nurtec","Others","PD_CLAIMS",24116
"2025Q3","TRX","Nurtec","Others","PD_MARKET_SHARE",0.319443
"2025Q3","TRX","Nurtec","Others","RJ_RATE",0.294233
"2025Q3","TRX","Nurtec","Others","RV_RATE",0.224996
"2025Q3","TRX","Nurtec","Others","WD",50161
"2025Q3","TRX","Nurtec","Others","WD_MARKET_SHARE",0.384691
"2025Q3","TRX","Nurtec","Overall","FILL_RATE",0.750901
"2025Q3","TRX","Nurtec","Overall","PD_CLAIMS",580879
"2025Q3","TRX","Nurtec","Overall","PD_MARKET_SHARE",0.415996
"2025Q3","TRX","Nurtec","Overall","RJ_RATE",0.172028
"2025Q3","TRX","Nurtec","Overall","RV_RATE",0.077071
"2025Q3","TRX","Nurtec","Overall","WD",773576
"2025Q3","TRX","Nurtec","Overall","WD_MARKET_SHARE",0.428065
"2025Q4","NBRX","Abbvie","Commercial","FILL_RATE",0.666178
"2025Q4","NBRX","Abbvie","Commercial","PD_CLAIMS",57240
"2025Q4","NBRX","Abbvie","Commercial","PD_MARKET_SHARE",0.620629
"2025Q4","NBRX","Abbvie","Commercial","RJ_RATE",0.245487
"2025Q4","NBRX","Abbvie","Commercial","RV_RATE",0.088335
"2025Q4","NBRX","Abbvie","Commercial","WD",85923
"2025Q4","NBRX","Abbvie","Commercial","WD_MARKET_SHARE",0.548745
"2025Q4","NBRX","Abbvie","Medicaid","FILL_RATE",0.43496
"2025Q4","NBRX","Abbvie","Medicaid","PD_CLAIMS",9356
"2025Q4","NBRX","Abbvie","Medicaid","PD_MARKET_SHARE",0.513812
"2025Q4","NBRX","Abbvie","Medicaid","RJ_RATE",0.515481
"2025Q4","NBRX","Abbvie","Medicaid","RV_RATE",0.049558
"2025Q4","NBRX","Abbvie","Medicaid","WD",21510
"2025Q4","NBRX","Abbvie","Medicaid","WD_MARKET_SHARE",0.524737
"2025Q4","NBRX","Abbvie","Medicare","FILL_RATE",0.474751
"2025Q4","NBRX","Abbvie","Medicare","PD_CLAIMS",11479
"2025Q4","NBRX","Abbvie","Medicare","PD_MARKET_SHARE",0.581392
"2025Q4","NBRX","Abbvie","Medicare","RJ_RATE",0.352951
"2025Q4","NBRX","Abbvie","Medicare","RV_RATE",0.172298
"2025Q4","NBRX","Abbvie","Medicare","WD",24179
"2025Q4","NBRX","Abbvie","Medicare","WD_MARKET_SHARE",0.549848
"2025Q4","NBRX","Abbvie","Others","FILL_RATE",0.426846
"2025Q4","NBRX","Abbvie","Others","PD_CLAIMS",7279
"2025Q4","NBRX","Abbvie","Others","PD_MARKET_SHARE",0.745723
"2025Q4","NBRX","Abbvie","Others","RJ_RATE",0.314431
"2025Q4","NBRX","Abbvie","Others","RV_RATE",0.258723
"2025Q4","NBRX","Abbvie","Others","WD",17053
"2025Q4","NBRX","Abbvie","Others","WD_MARKET_SHARE",0.559941
"2025Q4","NBRX","Abbvie","Overall","FILL_RATE",0.574136
"2025Q4","NBRX","Abbvie","Overall","PD_CLAIMS",85354
"2025Q4","NBRX","Abbvie","Overall","PD_MARKET_SHARE",0.60992
"2025Q4","NBRX","Abbvie","Overall","RJ_RATE",0.309938
"2025Q4","NBRX","Abbvie","Overall","RV_RATE",0.115925
"2025Q4","NBRX","Abbvie","Overall","WD",148665
"2025Q4","NBRX","Abbvie","Overall","WD_MARKET_SHARE",0.546558
"2024Q4","TRX","Abbvie","Commercial","FILL_RATE",0.803071
"2024Q4","TRX","Abbvie","Commercial","PD_CLAIMS",505013
"2024Q4","TRX","Abbvie","Commercial","PD_MARKET_SHARE",0.564159
"2024Q4","TRX","Abbvie","Commercial","RJ_RATE",0.131794
"2024Q4","TRX","Abbvie","Commercial","RV_RATE",0.065135
"2024Q4","TRX","Abbvie","Commercial","WD",628852
"2024Q4","TRX","Abbvie","Commercial","WD_MARKET_SHARE",0.561311
"2024Q4","TRX","Abbvie","Medicaid","FILL_RATE",0.726901
"2024Q4","TRX","Abbvie","Medicaid","PD_CLAIMS",81338
"2024Q4","TRX","Abbvie","Medicaid","PD_MARKET_SHARE",0.501523
"2024Q4","TRX","Abbvie","Medicaid","RJ_RATE",0.219756
"2024Q4","TRX","Abbvie","Medicaid","RV_RATE",0.053344
"2024Q4","TRX","Abbvie","Medicaid","WD",111897
"2024Q4","TRX","Abbvie","Medicaid","WD_MARKET_SHARE",0.50368
"2024Q4","TRX","Abbvie","Medicare","FILL_RATE",0.75117
"2024Q4","TRX","Abbvie","Medicare","PD_CLAIMS",103877
"2024Q4","TRX","Abbvie","Medicare","PD_MARKET_SHARE",0.576957
"2024Q4","TRX","Abbvie","Medicare","RJ_RATE",0.142537
"2024Q4","TRX","Abbvie","Medicare","RV_RATE",0.106293
"2024Q4","TRX","Abbvie","Medicare","WD",138287
"2024Q4","TRX","Abbvie","Medicare","WD_MARKET_SHARE",0.57342
"2024Q4","TRX","Abbvie","Others","FILL_RATE",0.600237
"2024Q4","TRX","Abbvie","Others","PD_CLAIMS",39049
"2024Q4","TRX","Abbvie","Others","PD_MARKET_SHARE",0.609236
"2024Q4","TRX","Abbvie","Others","RJ_RATE",0.203578
"2024Q4","TRX","Abbvie","Others","RV_RATE",0.196185
"2024Q4","TRX","Abbvie","Others","WD",65056
"2024Q4","TRX","Abbvie","Others","WD_MARKET_SHARE",0.575798
"2024Q4","TRX","Abbvie","Overall","FILL_RATE",0.772464
"2024Q4","TRX","Abbvie","Overall","PD_CLAIMS",729277
"2024Q4","TRX","Abbvie","Overall","PD_MARKET_SHARE",0.560344
"2024Q4","TRX","Abbvie","Overall","RJ_RATE",0.14874
"2024Q4","TRX","Abbvie","Overall","RV_RATE",0.078796
"2024Q4","TRX","Abbvie","Overall","WD",944092
"2024Q4","TRX","Abbvie","Overall","WD_MARKET_SHARE",0.55645
"2024Q4","TRX","Nurtec","Commercial","FILL_RATE",0.793829
"2024Q4","TRX","Nurtec","Commercial","PD_CLAIMS",390148
"2024Q4","TRX","Nurtec","Commercial","PD_MARKET_SHARE",0.435841
"2024Q4","TRX","Nurtec","Commercial","RJ_RATE",0.149592
"2024Q4","TRX","Nurtec","Commercial","RV_RATE",0.056579
"2024Q4","TRX","Nurtec","Commercial","WD",491476
"2024Q4","TRX","Nurtec","Commercial","WD_MARKET_SHARE",0.438689
"2024Q4","TRX","Nurtec","Medicaid","FILL_RATE",0.733199
"2024Q4","TRX","Nurtec","Medicaid","PD_CLAIMS",80844
"2024Q4","TRX","Nurtec","Medicaid","PD_MARKET_SHARE",0.498477
"2024Q4","TRX","Nurtec","Medicaid","RJ_RATE",0.210852
"2024Q4","TRX","Nurtec","Medicaid","RV_RATE",0.055949
"2024Q4","TRX","Nurtec","Medicaid","WD",110262
"2024Q4","TRX","Nurtec","Medicaid","WD_MARKET_SHARE",0.49632
"2024Q4","TRX","Nurtec","Medicare","FILL_RATE",0.740374
"2024Q4","TRX","Nurtec","Medicare","PD_CLAIMS",76166
"2024Q4","TRX","Nurtec","Medicare","PD_MARKET_SHARE",0.423043
"2024Q4","TRX","Nurtec","Medicare","RJ_RATE",0.155723
"2024Q4","TRX","Nurtec","Medicare","RV_RATE",0.103903
"2024Q4","TRX","Nurtec","Medicare","WD",102875
"2024Q4","TRX","Nurtec","Medicare","WD_MARKET_SHARE",0.42658
"2024Q4","TRX","Nurtec","Others","FILL_RATE",0.522576
"2024Q4","TRX","Nurtec","Others","PD_CLAIMS",25046
"2024Q4","TRX","Nurtec","Others","PD_MARKET_SHARE",0.390764
"2024Q4","TRX","Nurtec","Others","RJ_RATE",0.242051
"2024Q4","TRX","Nurtec","Others","RV_RATE",0.235374
"2024Q4","TRX","Nurtec","Others","WD",47928
"2024Q4","TRX","Nurtec","Others","WD_MARKET_SHARE",0.424202
"2024Q4","TRX","Nurtec","Overall","FILL_RATE",0.760363
"2024Q4","TRX","Nurtec","Overall","PD_CLAIMS",572204
"2025Q1","TRX","Nurtec","Others","FILL_RATE",0.493924
"2025Q1","TRX","Nurtec","Others","PD_CLAIMS",24145
"2025Q1","TRX","Nurtec","Others","PD_MARKET_SHARE",0.365468
"2025Q1","TRX","Nurtec","Others","RJ_RATE",0.265936
"2025Q1","TRX","Nurtec","Others","RV_RATE",0.24014
"2025Q1","TRX","Nurtec","Others","WD",48884
"2025Q1","TRX","Nurtec","Others","WD_MARKET_SHARE",0.410166
"2025Q1","TRX","Nurtec","Overall","FILL_RATE",0.737851
"2025Q1","TRX","Nurtec","Overall","PD_CLAIMS",535356
"2025Q1","TRX","Nurtec","Overall","PD_MARKET_SHARE",0.425065
"2025Q1","TRX","Nurtec","Overall","RJ_RATE",0.173601
"2025Q1","TRX","Nurtec","Overall","RV_RATE",0.088548
"2025Q1","TRX","Nurtec","Overall","WD",725561
"2025Q1","TRX","Nurtec","Overall","WD_MARKET_SHARE",0.433828
"2025Q2","NBRX","Abbvie","Commercial","FILL_RATE",0.683857
"2025Q2","NBRX","Abbvie","Commercial","PD_CLAIMS",56637
"2025Q2","NBRX","Abbvie","Commercial","PD_MARKET_SHARE",0.62357
"2025Q2","NBRX","Abbvie","Commercial","RJ_RATE",0.229486
"2025Q2","NBRX","Abbvie","Commercial","RV_RATE",0.086658
"2025Q2","NBRX","Abbvie","Commercial","WD",82820
"2025Q2","NBRX","Abbvie","Commercial","WD_MARKET_SHARE",0.549828
"2025Q2","NBRX","Abbvie","Medicaid","FILL_RATE",0.436383
"2025Q2","NBRX","Abbvie","Medicaid","PD_CLAIMS",9010
"2025Q2","NBRX","Abbvie","Medicaid","PD_MARKET_SHARE",0.507806
"2025Q2","NBRX","Abbvie","Medicaid","RJ_RATE",0.516104
"2025Q2","NBRX","Abbvie","Medicaid","RV_RATE",0.047513
"2025Q2","NBRX","Abbvie","Medicaid","WD",20647
"2025Q2","NBRX","Abbvie","Medicaid","WD_MARKET_SHARE",0.521929
"2025Q2","NBRX","Abbvie","Medicare","FILL_RATE",0.451631
"2025Q2","NBRX","Abbvie","Medicare","PD_CLAIMS",10593
"2025Q2","NBRX","Abbvie","Medicare","PD_MARKET_SHARE",0.581107
"2025Q2","NBRX","Abbvie","Medicare","RJ_RATE",0.344575
"2025Q2","NBRX","Abbvie","Medicare","RV_RATE",0.203795
"2025Q2","NBRX","Abbvie","Medicare","WD",23455
"2025Q2","NBRX","Abbvie","Medicare","WD_MARKET_SHARE",0.552402
"2025Q2","NBRX","Abbvie","Others","FILL_RATE",0.42858
"2025Q2","NBRX","Abbvie","Others","PD_CLAIMS",7327
"2025Q2","NBRX","Abbvie","Others","PD_MARKET_SHARE",0.721516
"2025Q2","NBRX","Abbvie","Others","RJ_RATE",0.300714
"2025Q2","NBRX","Abbvie","Others","RV_RATE",0.270707
"2025Q2","NBRX","Abbvie","Others","WD",17096
"2025Q2","NBRX","Abbvie","Others","WD_MARKET_SHARE",0.558729
"2025Q2","NBRX","Abbvie","Overall","FILL_RATE",0.580254
"2025Q2","NBRX","Abbvie","Overall","PD_CLAIMS",83567
"2025Q2","NBRX","Abbvie","Overall","PD_MARKET_SHARE",0.610183
"2025Q2","NBRX","Abbvie","Overall","RJ_RATE",0.297775
"2025Q2","NBRX","Abbvie","Overall","RV_RATE",0.121971
"2025Q2","NBRX","Abbvie","Overall","WD",144018
"2025Q2","NBRX","Abbvie","Overall","WD_MARKET_SHARE",0.547085
"2025Q2","NBRX","Nurtec","Commercial","FILL_RATE",0.50421
"2025Q2","NBRX","Nurtec","Commercial","PD_CLAIMS",34190
"2025Q2","NBRX","Nurtec","Commercial","PD_MARKET_SHARE",0.37643
"2025Q2","NBRX","Nurtec","Commercial","RJ_RATE",0.429279
"2025Q2","NBRX","Nurtec","Commercial","RV_RATE",0.06651
"2025Q2","NBRX","Nurtec","Commercial","WD",67809
"2025Q2","NBRX","Nurtec","Commercial","WD_MARKET_SHARE",0.450172
"2025Q2","NBRX","Nurtec","Medicaid","FILL_RATE",0.46177
"2025Q2","NBRX","Nurtec","Medicaid","PD_CLAIMS",8733
"2025Q2","NBRX","Nurtec","Medicaid","PD_MARKET_SHARE",0.492194
"2025Q2","NBRX","Nurtec","Medicaid","RJ_RATE",0.485089
"2025Q2","NBRX","Nurtec","Medicaid","RV_RATE",0.053141
"2025Q2","NBRX","Nurtec","Medicaid","WD",18912
"2025Q2","NBRX","Nurtec","Medicaid","WD_MARKET_SHARE",0.478071
"2025Q2","NBRX","Nurtec","Medicare","FILL_RATE",0.401789
"2025Q2","NBRX","Nurtec","Medicare","PD_CLAIMS",7636
"2025Q2","NBRX","Nurtec","Medicare","PD_MARKET_SHARE",0.418893
"2023Q4","NBRX","Nurtec","Commercial","RV_RATE",0.067762
"2023Q4","NBRX","Nurtec","Commercial","WD",59458
"2023Q4","NBRX","Nurtec","Commercial","WD_MARKET_SHARE",0.466898
"2023Q4","NBRX","Nurtec","Medicaid","FILL_RATE",0.476
"2023Q4","NBRX","Nurtec","Medicaid","PD_CLAIMS",7874
"2023Q4","NBRX","Nurtec","Medicaid","PD_MARKET_SHARE",0.550283
"2023Q4","NBRX","Nurtec","Medicaid","RJ_RATE",0.475638
"2023Q4","NBRX","Nurtec","Medicaid","RV_RATE",0.048362
"2023Q4","NBRX","Nurtec","Medicaid","WD",16542
"2023Q4","NBRX","Nurtec","Medicaid","WD_MARKET_SHARE",0.51626
"2023Q4","NBRX","Nurtec","Medicare","FILL_RATE",0.39513
"2023Q4","NBRX","Nurtec","Medicare","PD_CLAIMS",5614
"2023Q4","NBRX","Nurtec","Medicare","PD_MARKET_SHARE",0.488982
"2023Q4","NBRX","Nurtec","Medicare","RJ_RATE",0.45777
"2023Q4","NBRX","Nurtec","Medicare","RV_RATE",0.1471
"2023Q4","NBRX","Nurtec","Medicare","WD",14208
"2023Q4","NBRX","Nurtec","Medicare","WD_MARKET_SHARE",0.475041
"2023Q4","NBRX","Nurtec","Others","FILL_RATE",0.259461
"2023Q4","NBRX","Nurtec","Others","PD_CLAIMS",2804
"2023Q4","NBRX","Nurtec","Others","PD_MARKET_SHARE",0.396549
"2023Q4","NBRX","Nurtec","Others","RJ_RATE",0.358194
"2023Q4","NBRX","Nurtec","Others","RV_RATE",0.382345
"2023Q4","NBRX","Nurtec","Others","WD",10807
"2023Q4","NBRX","Nurtec","Others","WD_MARKET_SHARE",0.49284
"2023Q4","NBRX","Nurtec","Overall","FILL_RATE",0.447874
"2023Q4","NBRX","Nurtec","Overall","PD_CLAIMS",45242
"2023Q4","NBRX","Nurtec","Overall","PD_MARKET_SHARE",0.420363
"2023Q4","NBRX","Nurtec","Overall","RJ_RATE",0.442726
"2023Q4","NBRX","Nurtec","Overall","RV_RATE",0.1094
"2023Q4","NBRX","Nurtec","Overall","WD",101015
"2023Q4","NBRX","Nurtec","Overall","WD_MARKET_SHARE",0.478232
"2023Q4","TRX","Abbvie","Commercial","FILL_RATE",0.795453
"2023Q4","TRX","Abbvie","Commercial","PD_CLAIMS",350377
"2023Q4","TRX","Abbvie","Commercial","PD_MARKET_SHARE",0.554477
"2023Q4","TRX","Abbvie","Commercial","RJ_RATE",0.141075
"2023Q4","TRX","Abbvie","Commercial","RV_RATE",0.063472
"2023Q4","TRX","Abbvie","Commercial","WD",440475
"2023Q4","TRX","Abbvie","Commercial","WD_MARKET_SHARE",0.549122
"2023Q4","TRX","Abbvie","Medicaid","FILL_RATE",0.719852
"2023Q4","TRX","Abbvie","Medicaid","PD_CLAIMS",58511
"2023Q4","TRX","Abbvie","Medicaid","PD_MARKET_SHARE",0.468947
"2023Q4","TRX","Abbvie","Medicaid","RJ_RATE",0.226889
"2023Q4","TRX","Abbvie","Medicaid","RV_RATE",0.053259
"2023Q4","TRX","Abbvie","Medicaid","WD",81282
"2023Q4","TRX","Abbvie","Medicaid","WD_MARKET_SHARE",0.47694
"2023Q4","TRX","Abbvie","Medicare","FILL_RATE",0.722705
"2023Q4","TRX","Abbvie","Medicare","PD_CLAIMS",58834
"2023Q4","TRX","Abbvie","Medicare","PD_MARKET_SHARE",0.518014
"2023Q4","TRX","Abbvie","Medicare","RJ_RATE",0.17782
"2023Q4","TRX","Abbvie","Medicare","RV_RATE",0.099474
"2023Q4","TRX","Abbvie","Medicare","WD",81408
"2023Q4","TRX","Abbvie","Medicare","WD_MARKET_SHARE",0.522439
"2023Q4","TRX","Abbvie","Others","FILL_RATE",0.593255
"2023Q4","TRX","Abbvie","Others","PD_CLAIMS",25860
"2023Q4","TRX","Abbvie","Others","PD_MARKET_SHARE",0.578562
"2023Q4","TRX","Abbvie","Others","RJ_RATE",0.188851
"2023Q4","TRX","Abbvie","Others","RV_RATE",0.217894
"2023Q4","TRX","Abbvie","Others","WD",43590
"2023Q4","TRX","Abbvie","Others","WD_MARKET_SHARE",0.550025
"2023Q4","TRX","Abbvie","Overall","FILL_RATE",0.763167
"2023Q4","TRX","Abbvie","Overall","PD_CLAIMS",493582
"2023Q4","TRX","Abbvie","Overall","PD_MARKET_SHARE",0.539464
"2023Q4","TRX","Abbvie","Overall","RJ_RATE",0.159705
"2023Q4","TRX","Abbvie","Overall","RV_RATE",0.077128
"2023Q4","TRX","Abbvie","Overall","WD",646755
"2023Q4","TRX","Abbvie","Overall","WD_MARKET_SHARE",0.535552
"2023Q3","TRX","Nurtec","Medicaid","PD_CLAIMS",66512
"2023Q3","TRX","Nurtec","Medicaid","PD_MARKET_SHARE",0.538576
"2023Q3","TRX","Nurtec","Medicaid","RJ_RATE",0.192864
"2023Q3","TRX","Nurtec","Medicaid","RV_RATE",0.051403
"2023Q3","TRX","Nurtec","Medicaid","WD",88010
"2023Q3","TRX","Nurtec","Medicaid","WD_MARKET_SHARE",0.523844
"2023Q3","TRX","Nurtec","Medicare","FILL_RATE",0.727946
"2023Q3","TRX","Nurtec","Medicare","PD_CLAIMS",50815
"2023Q3","TRX","Nurtec","Medicare","PD_MARKET_SHARE",0.490067
"2023Q3","TRX","Nurtec","Medicare","RJ_RATE",0.175701
"2023Q3","TRX","Nurtec","Medicare","RV_RATE",0.096353
"2023Q3","TRX","Nurtec","Medicare","WD",69806
"2023Q3","TRX","Nurtec","Medicare","WD_MARKET_SHARE",0.48325
"2023Q3","TRX","Nurtec","Others","FILL_RATE",0.509676
"2023Q3","TRX","Nurtec","Others","PD_CLAIMS",17594
"2023Q3","TRX","Nurtec","Others","PD_MARKET_SHARE",0.426552
"2023Q3","TRX","Nurtec","Others","RJ_RATE",0.213876
"2023Q3","TRX","Nurtec","Others","RV_RATE",0.276448
"2023Q3","TRX","Nurtec","Others","WD",34520
"2023Q3","TRX","Nurtec","Others","WD_MARKET_SHARE",0.452911
"2023Q3","TRX","Nurtec","Overall","FILL_RATE",0.747758
"2023Q3","TRX","Nurtec","Overall","PD_CLAIMS",391811
"2023Q3","TRX","Nurtec","Overall","PD_MARKET_SHARE",0.461988
"2023Q3","TRX","Nurtec","Overall","RJ_RATE",0.174678
"2023Q3","TRX","Nurtec","Overall","RV_RATE",0.077564
"2023Q3","TRX","Nurtec","Overall","WD",523981
"2023Q3","TRX","Nurtec","Overall","WD_MARKET_SHARE",0.461668
"2023Q4","NBRX","Abbvie","Commercial","FILL_RATE",0.674852
"2023Q4","NBRX","Abbvie","Commercial","PD_CLAIMS",45815
"2023Q4","NBRX","Abbvie","Commercial","PD_MARKET_SHARE",0.612787
"2023Q4","NBRX","Abbvie","Commercial","RJ_RATE",0.243824
"2023Q4","NBRX","Abbvie","Commercial","RV_RATE",0.081324
"2023Q4","NBRX","Abbvie","Commercial","WD",67889
"2023Q4","NBRX","Abbvie","Commercial","WD_MARKET_SHARE",0.533102
"2023Q4","NBRX","Abbvie","Medicaid","FILL_RATE",0.415161
"2023Q4","NBRX","Abbvie","Medicaid","PD_CLAIMS",6435
"2023Q4","NBRX","Abbvie","Medicaid","PD_MARKET_SHARE",0.449717
"2023Q4","NBRX","Abbvie","Medicaid","RJ_RATE",0.541355
"2023Q4","NBRX","Abbvie","Medicaid","RV_RATE",0.043484
"2023Q4","NBRX","Abbvie","Medicaid","WD",15500
"2023Q4","NBRX","Abbvie","Medicaid","WD_MARKET_SHARE",0.48374
"2023Q4","NBRX","Abbvie","Medicare","FILL_RATE",0.37367
"2023Q4","NBRX","Abbvie","Medicare","PD_CLAIMS",5867
"2023Q4","NBRX","Abbvie","Medicare","PD_MARKET_SHARE",0.511018
"2023Q4","NBRX","Abbvie","Medicare","RJ_RATE",0.462072
"2023Q4","NBRX","Abbvie","Medicare","RV_RATE",0.164257
"2023Q4","NBRX","Abbvie","Medicare","WD",15701
"2023Q4","NBRX","Abbvie","Medicare","WD_MARKET_SHARE",0.524959
"2023Q4","NBRX","Abbvie","Others","FILL_RATE",0.383689
"2023Q4","NBRX","Abbvie","Others","PD_CLAIMS",4267
"2023Q4","NBRX","Abbvie","Others","PD_MARKET_SHARE",0.603451
"2023Q4","NBRX","Abbvie","Others","RJ_RATE",0.309594
"2023Q4","NBRX","Abbvie","Others","RV_RATE",0.306717
"2023Q4","NBRX","Abbvie","Others","WD",11121
"2023Q4","NBRX","Abbvie","Others","WD_MARKET_SHARE",0.50716
"2023Q4","NBRX","Abbvie","Overall","FILL_RATE",0.566042
"2023Q4","NBRX","Abbvie","Overall","PD_CLAIMS",62384
"2023Q4","NBRX","Abbvie","Overall","PD_MARKET_SHARE",0.579637
"2023Q4","NBRX","Abbvie","Overall","RJ_RATE",0.323398
"2023Q4","NBRX","Abbvie","Overall","RV_RATE",0.110561
"2023Q4","NBRX","Abbvie","Overall","WD",110211
"2023Q4","NBRX","Abbvie","Overall","WD_MARKET_SHARE",0.521768
"2023Q4","NBRX","Nurtec","Commercial","FILL_RATE",0.486898
"2023Q4","NBRX","Nurtec","Commercial","PD_CLAIMS",28950
"2023Q4","NBRX","Nurtec","Commercial","PD_MARKET_SHARE",0.387213
"2023Q4","NBRX","Nurtec","Commercial","RJ_RATE",0.44534
"2023Q2","TRX","Nurtec","Medicare","RJ_RATE",0.180733
"2023Q2","TRX","Nurtec","Medicare","RV_RATE",0.100959
"2023Q2","TRX","Nurtec","Medicare","WD",65284
"2023Q2","TRX","Nurtec","Medicare","WD_MARKET_SHARE",0.485253
"2023Q2","TRX","Nurtec","Others","FILL_RATE",0.506285
"2023Q2","TRX","Nurtec","Others","PD_CLAIMS",16676
"2023Q2","TRX","Nurtec","Others","PD_MARKET_SHARE",0.430871
"2023Q2","TRX","Nurtec","Others","RJ_RATE",0.207541
"2023Q2","TRX","Nurtec","Others","RV_RATE",0.286174
"2023Q2","TRX","Nurtec","Others","WD",32938
"2023Q2","TRX","Nurtec","Others","WD_MARKET_SHARE",0.457809
"2023Q2","TRX","Nurtec","Overall","FILL_RATE",0.741317
"2023Q2","TRX","Nurtec","Overall","PD_CLAIMS",383115
"2023Q2","TRX","Nurtec","Overall","PD_MARKET_SHARE",0.473616
"2023Q2","TRX","Nurtec","Overall","RJ_RATE",0.174382
"2023Q2","TRX","Nurtec","Overall","RV_RATE",0.084301
"2023Q2","TRX","Nurtec","Overall","WD",516803
"2023Q2","TRX","Nurtec","Overall","WD_MARKET_SHARE",0.469829
"2023Q3","NBRX","Abbvie","Commercial","FILL_RATE",0.669576
"2023Q3","NBRX","Abbvie","Commercial","PD_CLAIMS",45102
"2023Q3","NBRX","Abbvie","Commercial","PD_MARKET_SHARE",0.624033
"2023Q3","NBRX","Abbvie","Commercial","RJ_RATE",0.249633
"2023Q3","NBRX","Abbvie","Commercial","RV_RATE",0.080791
"2023Q3","NBRX","Abbvie","Commercial","WD",67359
"2023Q3","NBRX","Abbvie","Commercial","WD_MARKET_SHARE",0.549018
"2023Q3","NBRX","Abbvie","Medicaid","FILL_RATE",0.398391
"2023Q3","NBRX","Abbvie","Medicaid","PD_CLAIMS",6289
"2023Q3","NBRX","Abbvie","Medicaid","PD_MARKET_SHARE",0.4378
"2023Q3","NBRX","Abbvie","Medicaid","RJ_RATE",0.563854
"2023Q3","NBRX","Abbvie","Medicaid","RV_RATE",0.037755
"2023Q3","NBRX","Abbvie","Medicaid","WD",15786
"2023Q3","NBRX","Abbvie","Medicaid","WD_MARKET_SHARE",0.485932
"2023Q3","NBRX","Abbvie","Medicare","FILL_RATE",0.363572
"2023Q3","NBRX","Abbvie","Medicare","PD_CLAIMS",5655
"2023Q3","NBRX","Abbvie","Medicare","PD_MARKET_SHARE",0.496968
"2023Q3","NBRX","Abbvie","Medicare","RJ_RATE",0.487784
"2023Q3","NBRX","Abbvie","Medicare","RV_RATE",0.148643
"2023Q3","NBRX","Abbvie","Medicare","WD",15554
"2023Q3","NBRX","Abbvie","Medicare","WD_MARKET_SHARE",0.519211
"2023Q3","NBRX","Abbvie","Others","FILL_RATE",0.378318
"2023Q3","NBRX","Abbvie","Others","PD_CLAIMS",4390
"2023Q3","NBRX","Abbvie","Others","PD_MARKET_SHARE",0.61125
"2023Q3","NBRX","Abbvie","Others","RJ_RATE",0.278094
"2023Q3","NBRX","Abbvie","Others","RV_RATE",0.343588
"2023Q3","NBRX","Abbvie","Others","WD",11604
"2023Q3","NBRX","Abbvie","Others","WD_MARKET_SHARE",0.510739
"2023Q3","NBRX","Abbvie","Overall","FILL_RATE",0.556975
"2023Q3","NBRX","Abbvie","Overall","PD_CLAIMS",61436
"2023Q3","NBRX","Abbvie","Overall","PD_MARKET_SHARE",0.583987
"2023Q3","NBRX","Abbvie","Overall","RJ_RATE",0.331179
"2023Q3","NBRX","Abbvie","Overall","RV_RATE",0.111846
"2023Q3","NBRX","Abbvie","Overall","WD",110303
"2023Q3","NBRX","Abbvie","Overall","WD_MARKET_SHARE",0.530678
"2023Q3","NBRX","Nurtec","Commercial","FILL_RATE",0.491099
"2023Q3","NBRX","Nurtec","Commercial","PD_CLAIMS",27173
"2023Q3","NBRX","Nurtec","Commercial","PD_MARKET_SHARE",0.375967
"2023Q3","NBRX","Nurtec","Commercial","RJ_RATE",0.43744
"2023Q3","NBRX","Nurtec","Commercial","RV_RATE",0.071461
"2023Q3","NBRX","Nurtec","Commercial","WD",55331
"2023Q3","NBRX","Nurtec","Commercial","WD_MARKET_SHARE",0.450982
"2023Q3","NBRX","Nurtec","Medicaid","FILL_RATE",0.483593
"2023Q3","NBRX","Nurtec","Medicaid","PD_CLAIMS",8076
"2023Q3","NBRX","Nurtec","Medicaid","PD_MARKET_SHARE",0.5622
"2023Q3","NBRX","Nurtec","Medicaid","RJ_RATE",0.472275
"2023Q3","NBRX","Nurtec","Medicaid","RV_RATE",0.044132
"2023Q3","NBRX","Nurtec","Medicaid","WD",16700
"2023Q1","NBRX","Nurtec","Overall","PD_MARKET_SHARE",0.42274
"2023Q1","NBRX","Nurtec","Overall","RJ_RATE",0.413188
"2023Q1","NBRX","Nurtec","Overall","RV_RATE",0.145831
"2023Q1","NBRX","Nurtec","Overall","WD",99238
"2023Q1","NBRX","Nurtec","Overall","WD_MARKET_SHARE",0.482609
"2023Q1","TRX","Abbvie","Commercial","FILL_RATE",0.7476
"2023Q1","TRX","Abbvie","Commercial","PD_CLAIMS",275753
"2023Q1","TRX","Abbvie","Commercial","PD_MARKET_SHARE",0.542232
"2023Q1","TRX","Abbvie","Commercial","RJ_RATE",0.185557
"2023Q1","TRX","Abbvie","Commercial","RV_RATE",0.066843
"2023Q1","TRX","Abbvie","Commercial","WD",368851
"2023Q1","TRX","Abbvie","Commercial","WD_MARKET_SHARE",0.53537
"2023Q1","TRX","Abbvie","Medicaid","FILL_RATE",0.693445
"2023Q1","TRX","Abbvie","Medicaid","PD_CLAIMS",47069
"2023Q1","TRX","Abbvie","Medicaid","PD_MARKET_SHARE",0.452896
"2023Q1","TRX","Abbvie","Medicaid","RJ_RATE",0.253635
"2023Q1","TRX","Abbvie","Medicaid","RV_RATE",0.052919
"2023Q1","TRX","Abbvie","Medicaid","WD",67877
"2023Q1","TRX","Abbvie","Medicaid","WD_MARKET_SHARE",0.467791
"2023Q1","TRX","Abbvie","Medicare","FILL_RATE",0.702095
"2023Q1","TRX","Abbvie","Medicare","PD_CLAIMS",45719
"2023Q1","TRX","Abbvie","Medicare","PD_MARKET_SHARE",0.508158
"2023Q1","TRX","Abbvie","Medicare","RJ_RATE",0.176249
"2023Q1","TRX","Abbvie","Medicare","RV_RATE",0.121656
"2023Q1","TRX","Abbvie","Medicare","WD",65118
"2023Q1","TRX","Abbvie","Medicare","WD_MARKET_SHARE",0.514271
"2023Q1","TRX","Abbvie","Others","FILL_RATE",0.544079
"2023Q1","TRX","Abbvie","Others","PD_CLAIMS",19496
"2023Q1","TRX","Abbvie","Others","PD_MARKET_SHARE",0.542852
"2023Q1","TRX","Abbvie","Others","RJ_RATE",0.194932
"2023Q1","TRX","Abbvie","Others","RV_RATE",0.260988
"2023Q1","TRX","Abbvie","Others","WD",35833
"2023Q1","TRX","Abbvie","Others","WD_MARKET_SHARE",0.511484
"2023Q1","TRX","Abbvie","Overall","FILL_RATE",0.721689
"2023Q1","TRX","Abbvie","Overall","PD_CLAIMS",388037
"2023Q1","TRX","Abbvie","Overall","PD_MARKET_SHARE",0.525535
"2023Q1","TRX","Abbvie","Overall","RJ_RATE",0.193649
"2023Q1","TRX","Abbvie","Overall","RV_RATE",0.084662
"2023Q1","TRX","Abbvie","Overall","WD",537679
"2023Q1","TRX","Abbvie","Overall","WD_MARKET_SHARE",0.521641
"2023Q1","TRX","Nurtec","Commercial","FILL_RATE",0.727238
"2023Q1","TRX","Nurtec","Commercial","PD_CLAIMS",232799
"2023Q1","TRX","Nurtec","Commercial","PD_MARKET_SHARE",0.457768
"2023Q1","TRX","Nurtec","Commercial","RJ_RATE",0.191232
"2023Q1","TRX","Nurtec","Commercial","RV_RATE",0.08153
"2023Q1","TRX","Nurtec","Commercial","WD",320114
"2023Q1","TRX","Nurtec","Commercial","WD_MARKET_SHARE",0.46463
"2023Q1","TRX","Nurtec","Medicaid","FILL_RATE",0.7363
"2023Q1","TRX","Nurtec","Medicaid","PD_CLAIMS",56860
"2023Q1","TRX","Nurtec","Medicaid","PD_MARKET_SHARE",0.547104
"2023Q1","TRX","Nurtec","Medicaid","RJ_RATE",0.21123
"2023Q1","TRX","Nurtec","Medicaid","RV_RATE",0.052471
"2023Q1","TRX","Nurtec","Medicaid","WD",77224
"2023Q1","TRX","Nurtec","Medicaid","WD_MARKET_SHARE",0.532209
"2023Q1","TRX","Nurtec","Medicare","FILL_RATE",0.719482
"2023Q1","TRX","Nurtec","Medicare","PD_CLAIMS",44251
"2023Q1","TRX","Nurtec","Medicare","PD_MARKET_SHARE",0.491842
"2023Q1","TRX","Nurtec","Medicare","RJ_RATE",0.164217
"2023Q1","TRX","Nurtec","Medicare","RV_RATE",0.116301
"2023Q1","TRX","Nurtec","Medicare","WD",61504
"2023Q1","TRX","Nurtec","Medicare","WD_MARKET_SHARE",0.485729
"2023Q1","TRX","Nurtec","Others","FILL_RATE",0.479722
"2023Q1","TRX","Nurtec","Others","PD_CLAIMS",16418
"2023Q1","TRX","Nurtec","Others","PD_MARKET_SHARE",0.457148
"2023Q1","TRX","Nurtec","Others","RJ_RATE",0.211168
"2023Q1","TRX","Nurtec","Others","RV_RATE",0.309111
"2023Q2","NBRX","Nurtec","Others","FILL_RATE",0.240651
"2023Q2","NBRX","Nurtec","Others","PD_CLAIMS",2542
"2023Q2","NBRX","Nurtec","Others","PD_MARKET_SHARE",0.370015
"2023Q2","NBRX","Nurtec","Others","RJ_RATE",0.32415
"2023Q2","NBRX","Nurtec","Others","RV_RATE",0.435198
"2023Q2","NBRX","Nurtec","Others","WD",10563
"2023Q2","NBRX","Nurtec","Others","WD_MARKET_SHARE",0.488643
"2023Q2","NBRX","Nurtec","Overall","FILL_RATE",0.443082
"2023Q2","NBRX","Nurtec","Overall","PD_CLAIMS",43352
"2023Q2","NBRX","Nurtec","Overall","PD_MARKET_SHARE",0.416914
"2023Q2","NBRX","Nurtec","Overall","RJ_RATE",0.420637
"2023Q2","NBRX","Nurtec","Overall","RV_RATE",0.136281
"2023Q2","NBRX","Nurtec","Overall","WD",97842
"2023Q2","NBRX","Nurtec","Overall","WD_MARKET_SHARE",0.47439
"2023Q2","TRX","Abbvie","Commercial","FILL_RATE",0.757384
"2023Q2","TRX","Abbvie","Commercial","PD_CLAIMS",300476
"2023Q2","TRX","Abbvie","Commercial","PD_MARKET_SHARE",0.540999
"2023Q2","TRX","Abbvie","Commercial","RJ_RATE",0.180055
"2023Q2","TRX","Abbvie","Commercial","RV_RATE",0.062562
"2023Q2","TRX","Abbvie","Commercial","WD",396729
"2023Q2","TRX","Abbvie","Commercial","WD_MARKET_SHARE",0.543626
"2023Q2","TRX","Abbvie","Medicaid","FILL_RATE",0.709026
"2023Q2","TRX","Abbvie","Medicaid","PD_CLAIMS",55438
"2023Q2","TRX","Abbvie","Medicaid","PD_MARKET_SHARE",0.461795
"2023Q2","TRX","Abbvie","Medicaid","RJ_RATE",0.238755
"2023Q2","TRX","Abbvie","Medicaid","RV_RATE",0.05222
"2023Q2","TRX","Abbvie","Medicaid","WD",78189
"2023Q2","TRX","Abbvie","Medicaid","WD_MARKET_SHARE",0.477589
"2023Q2","TRX","Abbvie","Medicare","FILL_RATE",0.69107
"2023Q2","TRX","Abbvie","Medicare","PD_CLAIMS",47858
"2023Q2","TRX","Abbvie","Medicare","PD_MARKET_SHARE",0.505087
"2023Q2","TRX","Abbvie","Medicare","RJ_RATE",0.206579
"2023Q2","TRX","Abbvie","Medicare","RV_RATE",0.102351
"2023Q2","TRX","Abbvie","Medicare","WD",69252
"2023Q2","TRX","Abbvie","Medicare","WD_MARKET_SHARE",0.514747
"2023Q2","TRX","Abbvie","Others","FILL_RATE",0.564665
"2023Q2","TRX","Abbvie","Others","PD_CLAIMS",22027
"2023Q2","TRX","Abbvie","Others","PD_MARKET_SHARE",0.569129
"2023Q2","TRX","Abbvie","Others","RJ_RATE",0.182394
"2023Q2","TRX","Abbvie","Others","RV_RATE",0.252942
"2023Q2","TRX","Abbvie","Others","WD",39009
"2023Q2","TRX","Abbvie","Others","WD_MARKET_SHARE",0.542191
"2023Q2","TRX","Abbvie","Overall","FILL_RATE",0.730134
"2023Q2","TRX","Abbvie","Overall","PD_CLAIMS",425799
"2023Q2","TRX","Abbvie","Overall","PD_MARKET_SHARE",0.526384
"2023Q2","TRX","Abbvie","Overall","RJ_RATE",0.191231
"2023Q2","TRX","Abbvie","Overall","RV_RATE",0.078635
"2023Q2","TRX","Abbvie","Overall","WD",583179
"2023Q2","TRX","Abbvie","Overall","WD_MARKET_SHARE",0.530171
"2023Q2","TRX","Nurtec","Commercial","FILL_RATE",0.765443
"2023Q2","TRX","Nurtec","Commercial","PD_CLAIMS",254934
"2023Q2","TRX","Nurtec","Commercial","PD_MARKET_SHARE",0.459001
"2023Q2","TRX","Nurtec","Commercial","RJ_RATE",0.16561
"2023Q2","TRX","Nurtec","Commercial","RV_RATE",0.068947
"2023Q2","TRX","Nurtec","Commercial","WD",333054
"2023Q2","TRX","Nurtec","Commercial","WD_MARKET_SHARE",0.456374
"2023Q2","TRX","Nurtec","Medicaid","FILL_RATE",0.755446
"2023Q2","TRX","Nurtec","Medicaid","PD_CLAIMS",64611
"2023Q2","TRX","Nurtec","Medicaid","PD_MARKET_SHARE",0.538205
"2023Q2","TRX","Nurtec","Medicaid","RJ_RATE",0.190922
"2023Q2","TRX","Nurtec","Medicaid","RV_RATE",0.053632
"2023Q2","TRX","Nurtec","Medicaid","WD",85527
"2023Q2","TRX","Nurtec","Medicaid","WD_MARKET_SHARE",0.522411
"2023Q2","TRX","Nurtec","Medicare","FILL_RATE",0.718308
"2023Q2","TRX","Nurtec","Medicare","PD_CLAIMS",46894
"2023Q2","TRX","Nurtec","Medicare","PD_MARKET_SHARE",0.494913
"2023Q1","TRX","Nurtec","Others","WD",34224
"2023Q1","TRX","Nurtec","Others","WD_MARKET_SHARE",0.488516
"2023Q1","TRX","Nurtec","Overall","FILL_RATE",0.710509
"2023Q1","TRX","Nurtec","Overall","PD_CLAIMS",350328
"2023Q1","TRX","Nurtec","Overall","PD_MARKET_SHARE",0.474465
"2023Q1","TRX","Nurtec","Overall","RJ_RATE",0.192378
"2023Q1","TRX","Nurtec","Overall","RV_RATE",0.097113
"2023Q1","TRX","Nurtec","Overall","WD",493066
"2023Q1","TRX","Nurtec","Overall","WD_MARKET_SHARE",0.478359
"2023Q2","NBRX","Abbvie","Commercial","FILL_RATE",0.66514
"2023Q2","NBRX","Abbvie","Commercial","PD_CLAIMS",43860
"2023Q2","NBRX","Abbvie","Commercial","PD_MARKET_SHARE",0.622154
"2023Q2","NBRX","Abbvie","Commercial","RJ_RATE",0.256305
"2023Q2","NBRX","Abbvie","Commercial","RV_RATE",0.078555
"2023Q2","NBRX","Abbvie","Commercial","WD",65941
"2023Q2","NBRX","Abbvie","Commercial","WD_MARKET_SHARE",0.539518
"2023Q2","NBRX","Abbvie","Medicaid","FILL_RATE",0.41964
"2023Q2","NBRX","Abbvie","Medicaid","PD_CLAIMS",6940
"2023Q2","NBRX","Abbvie","Medicaid","PD_MARKET_SHARE",0.455201
"2023Q2","NBRX","Abbvie","Medicaid","RJ_RATE",0.534043
"2023Q2","NBRX","Abbvie","Medicaid","RV_RATE",0.046318
"2023Q2","NBRX","Abbvie","Medicaid","WD",16538
"2023Q2","NBRX","Abbvie","Medicaid","WD_MARKET_SHARE",0.496026
"2023Q2","NBRX","Abbvie","Medicare","FILL_RATE",0.369999
"2023Q2","NBRX","Abbvie","Medicare","PD_CLAIMS",5503
"2023Q2","NBRX","Abbvie","Medicare","PD_MARKET_SHARE",0.483993
"2023Q2","NBRX","Abbvie","Medicare","RJ_RATE",0.475829
"2023Q2","NBRX","Abbvie","Medicare","RV_RATE",0.154172
"2023Q2","NBRX","Abbvie","Medicare","WD",14873
"2023Q2","NBRX","Abbvie","Medicare","WD_MARKET_SHARE",0.511662
"2023Q2","NBRX","Abbvie","Others","FILL_RATE",0.391532
"2023Q2","NBRX","Abbvie","Others","PD_CLAIMS",4328
"2023Q2","NBRX","Abbvie","Others","PD_MARKET_SHARE",0.629985
"2023Q2","NBRX","Abbvie","Others","RJ_RATE",0.271576
"2023Q2","NBRX","Abbvie","Others","RV_RATE",0.336892
"2023Q2","NBRX","Abbvie","Others","WD",11054
"2023Q2","NBRX","Abbvie","Others","WD_MARKET_SHARE",0.511357
"2023Q2","NBRX","Abbvie","Overall","FILL_RATE",0.559296
"2023Q2","NBRX","Abbvie","Overall","PD_CLAIMS",60631
"2023Q2","NBRX","Abbvie","Overall","PD_MARKET_SHARE",0.583086
"2023Q2","NBRX","Abbvie","Overall","RJ_RATE",0.330351
"2023Q2","NBRX","Abbvie","Overall","RV_RATE",0.110354
"2023Q2","NBRX","Abbvie","Overall","WD",108406
"2023Q2","NBRX","Abbvie","Overall","WD_MARKET_SHARE",0.52561
"2023Q2","NBRX","Nurtec","Commercial","FILL_RATE",0.473286
"2023Q2","NBRX","Nurtec","Commercial","PD_CLAIMS",26637
"2023Q2","NBRX","Nurtec","Commercial","PD_MARKET_SHARE",0.377846
"2023Q2","NBRX","Nurtec","Commercial","RJ_RATE",0.426165
"2023Q2","NBRX","Nurtec","Commercial","RV_RATE",0.100549
"2023Q2","NBRX","Nurtec","Commercial","WD",56281
"2023Q2","NBRX","Nurtec","Commercial","WD_MARKET_SHARE",0.460482
"2023Q2","NBRX","Nurtec","Medicaid","FILL_RATE",0.494316
"2023Q2","NBRX","Nurtec","Medicaid","PD_CLAIMS",8306
"2023Q2","NBRX","Nurtec","Medicaid","PD_MARKET_SHARE",0.544799
"2023Q2","NBRX","Nurtec","Medicaid","RJ_RATE",0.454919
"2023Q2","NBRX","Nurtec","Medicaid","RV_RATE",0.050765
"2023Q2","NBRX","Nurtec","Medicaid","WD",16803
"2023Q2","NBRX","Nurtec","Medicaid","WD_MARKET_SHARE",0.503974
"2023Q2","NBRX","Nurtec","Medicare","FILL_RATE",0.413315
"2023Q2","NBRX","Nurtec","Medicare","PD_CLAIMS",5867
"2023Q2","NBRX","Nurtec","Medicare","PD_MARKET_SHARE",0.516007
"2023Q2","NBRX","Nurtec","Medicare","RJ_RATE",0.42994
"2023Q2","NBRX","Nurtec","Medicare","RV_RATE",0.156745
"2023Q2","NBRX","Nurtec","Medicare","WD",14195
"2023Q2","NBRX","Nurtec","Medicare","WD_MARKET_SHARE",0.488338
"2023Q3","NBRX","Nurtec","Medicaid","WD_MARKET_SHARE",0.514068
"2023Q3","NBRX","Nurtec","Medicare","FILL_RATE",0.397417
"2023Q3","NBRX","Nurtec","Medicare","PD_CLAIMS",5724
"2023Q3","NBRX","Nurtec","Medicare","PD_MARKET_SHARE",0.503032
"2023Q3","NBRX","Nurtec","Medicare","RJ_RATE",0.445671
"2023Q3","NBRX","Nurtec","Medicare","RV_RATE",0.156912
"2023Q3","NBRX","Nurtec","Medicare","WD",14403
"2023Q3","NBRX","Nurtec","Medicare","WD_MARKET_SHARE",0.480789
"2023Q3","NBRX","Nurtec","Others","FILL_RATE",0.251169
"2023Q3","NBRX","Nurtec","Others","PD_CLAIMS",2792
"2023Q3","NBRX","Nurtec","Others","PD_MARKET_SHARE",0.38875
"2023Q3","NBRX","Nurtec","Others","RJ_RATE",0.334203
"2023Q3","NBRX","Nurtec","Others","RV_RATE",0.414628
"2023Q3","NBRX","Nurtec","Others","WD",11116
"2023Q3","NBRX","Nurtec","Others","WD_MARKET_SHARE",0.489261
"2023Q3","NBRX","Nurtec","Overall","FILL_RATE",0.448642
"2023Q3","NBRX","Nurtec","Overall","PD_CLAIMS",43765
"2023Q3","NBRX","Nurtec","Overall","PD_MARKET_SHARE",0.416013
"2023Q3","NBRX","Nurtec","Overall","RJ_RATE",0.432855
"2023Q3","NBRX","Nurtec","Overall","RV_RATE",0.118503
"2023Q3","NBRX","Nurtec","Overall","WD",97550
"2023Q3","NBRX","Nurtec","Overall","WD_MARKET_SHARE",0.469322
"2023Q3","TRX","Abbvie","Commercial","FILL_RATE",0.778426
"2023Q3","TRX","Abbvie","Commercial","PD_CLAIMS",322775
"2023Q3","TRX","Abbvie","Commercial","PD_MARKET_SHARE",0.55683
"2023Q3","TRX","Abbvie","Commercial","RJ_RATE",0.15541
"2023Q3","TRX","Abbvie","Commercial","RV_RATE",0.066164
"2023Q3","TRX","Abbvie","Commercial","WD",414651
"2023Q3","TRX","Abbvie","Commercial","WD_MARKET_SHARE",0.555612
"2023Q3","TRX","Abbvie","Medicaid","FILL_RATE",0.712318
"2023Q3","TRX","Abbvie","Medicaid","PD_CLAIMS",56984
"2023Q3","TRX","Abbvie","Medicaid","PD_MARKET_SHARE",0.461424
"2023Q3","TRX","Abbvie","Medicaid","RJ_RATE",0.238556
"2023Q3","TRX","Abbvie","Medicaid","RV_RATE",0.049126
"2023Q3","TRX","Abbvie","Medicaid","WD",79998
"2023Q3","TRX","Abbvie","Medicaid","WD_MARKET_SHARE",0.476156
"2023Q3","TRX","Abbvie","Medicare","FILL_RATE",0.708353
"2023Q3","TRX","Abbvie","Medicare","PD_CLAIMS",52875
"2023Q3","TRX","Abbvie","Medicare","PD_MARKET_SHARE",0.509933
"2023Q3","TRX","Abbvie","Medicare","RJ_RATE",0.194815
"2023Q3","TRX","Abbvie","Medicare","RV_RATE",0.096832
"2023Q3","TRX","Abbvie","Medicare","WD",74645
"2023Q3","TRX","Abbvie","Medicare","WD_MARKET_SHARE",0.51675
"2023Q3","TRX","Abbvie","Others","FILL_RATE",0.567245
"2023Q3","TRX","Abbvie","Others","PD_CLAIMS",23653
"2023Q3","TRX","Abbvie","Others","PD_MARKET_SHARE",0.573448
"2023Q3","TRX","Abbvie","Others","RJ_RATE",0.184373
"2023Q3","TRX","Abbvie","Others","RV_RATE",0.248381
"2023Q3","TRX","Abbvie","Others","WD",41698
"2023Q3","TRX","Abbvie","Others","WD_MARKET_SHARE",0.547089
"2023Q3","TRX","Abbvie","Overall","FILL_RATE",0.746797
"2023Q3","TRX","Abbvie","Overall","PD_CLAIMS",456287
"2023Q3","TRX","Abbvie","Overall","PD_MARKET_SHARE",0.538012
"2023Q3","TRX","Abbvie","Overall","RJ_RATE",0.173087
"2023Q3","TRX","Abbvie","Overall","RV_RATE",0.080116
"2023Q3","TRX","Abbvie","Overall","WD",610992
"2023Q3","TRX","Abbvie","Overall","WD_MARKET_SHARE",0.538332
"2023Q3","TRX","Nurtec","Commercial","FILL_RATE",0.774593
"2023Q3","TRX","Nurtec","Commercial","PD_CLAIMS",256890
"2023Q3","TRX","Nurtec","Commercial","PD_MARKET_SHARE",0.44317
"2023Q3","TRX","Nurtec","Commercial","RJ_RATE",0.165557
"2023Q3","TRX","Nurtec","Commercial","RV_RATE",0.05985
"2023Q3","TRX","Nurtec","Commercial","WD",331645
"2023Q3","TRX","Nurtec","Commercial","WD_MARKET_SHARE",0.444388
"2023Q3","TRX","Nurtec","Medicaid","FILL_RATE",0.755732
"2023Q1","NBRX","Abbvie","Commercial","FILL_RATE",0.655679
"2023Q1","NBRX","Abbvie","Commercial","PD_CLAIMS",43939
"2023Q1","NBRX","Abbvie","Commercial","PD_MARKET_SHARE",0.623912
"2023Q1","NBRX","Abbvie","Commercial","RJ_RATE",0.268246
"2023Q1","NBRX","Abbvie","Commercial","RV_RATE",0.076075
"2023Q1","NBRX","Abbvie","Commercial","WD",67013
"2023Q1","NBRX","Abbvie","Commercial","WD_MARKET_SHARE",0.537351
"2023Q1","NBRX","Abbvie","Medicaid","FILL_RATE",0.405359
"2023Q1","NBRX","Abbvie","Medicaid","PD_CLAIMS",6082
"2023Q1","NBRX","Abbvie","Medicaid","PD_MARKET_SHARE",0.430432
"2023Q1","NBRX","Abbvie","Medicaid","RJ_RATE",0.548987
"2023Q1","NBRX","Abbvie","Medicaid","RV_RATE",0.045654
"2023Q1","NBRX","Abbvie","Medicaid","WD",15004
"2023Q1","NBRX","Abbvie","Medicaid","WD_MARKET_SHARE",0.475563
"2023Q1","NBRX","Abbvie","Medicare","FILL_RATE",0.415472
"2023Q1","NBRX","Abbvie","Medicare","PD_CLAIMS",5795
"2023Q1","NBRX","Abbvie","Medicare","PD_MARKET_SHARE",0.467263
"2023Q1","NBRX","Abbvie","Medicare","RJ_RATE",0.408876
"2023Q1","NBRX","Abbvie","Medicare","RV_RATE",0.175652
"2023Q1","NBRX","Abbvie","Medicare","WD",13948
"2023Q1","NBRX","Abbvie","Medicare","WD_MARKET_SHARE",0.496759
"2023Q1","NBRX","Abbvie","Others","FILL_RATE",0.378129
"2023Q1","NBRX","Abbvie","Others","PD_CLAIMS",3942
"2023Q1","NBRX","Abbvie","Others","PD_MARKET_SHARE",0.60064
"2023Q1","NBRX","Abbvie","Others","RJ_RATE",0.287098
"2023Q1","NBRX","Abbvie","Others","RV_RATE",0.334772
"2023Q1","NBRX","Abbvie","Others","WD",10425
"2023Q1","NBRX","Abbvie","Others","WD_MARKET_SHARE",0.489667
"2023Q1","NBRX","Abbvie","Overall","FILL_RATE",0.561688
"2023Q1","NBRX","Abbvie","Overall","PD_CLAIMS",59758
"2023Q1","NBRX","Abbvie","Overall","PD_MARKET_SHARE",0.57726
"2023Q1","NBRX","Abbvie","Overall","RJ_RATE",0.328123
"2023Q1","NBRX","Abbvie","Overall","RV_RATE",0.110189
"2023Q1","NBRX","Abbvie","Overall","WD",106390
"2023Q1","NBRX","Abbvie","Overall","WD_MARKET_SHARE",0.517391
"2023Q1","NBRX","Nurtec","Commercial","FILL_RATE",0.459053
"2023Q1","NBRX","Nurtec","Commercial","PD_CLAIMS",26486
"2023Q1","NBRX","Nurtec","Commercial","PD_MARKET_SHARE",0.376088
"2023Q1","NBRX","Nurtec","Commercial","RJ_RATE",0.430092
"2023Q1","NBRX","Nurtec","Commercial","RV_RATE",0.110855
"2023Q1","NBRX","Nurtec","Commercial","WD",57697
"2023Q1","NBRX","Nurtec","Commercial","WD_MARKET_SHARE",0.462649
"2023Q1","NBRX","Nurtec","Medicaid","FILL_RATE",0.486402
"2023Q1","NBRX","Nurtec","Medicaid","PD_CLAIMS",8048
"2023Q1","NBRX","Nurtec","Medicaid","PD_MARKET_SHARE",0.569568
"2023Q1","NBRX","Nurtec","Medicaid","RJ_RATE",0.464402
"2023Q1","NBRX","Nurtec","Medicaid","RV_RATE",0.049196
"2023Q1","NBRX","Nurtec","Medicaid","WD",16546
"2023Q1","NBRX","Nurtec","Medicaid","WD_MARKET_SHARE",0.524437
"2023Q1","NBRX","Nurtec","Medicare","FILL_RATE",0.467587
"2023Q1","NBRX","Nurtec","Medicare","PD_CLAIMS",6607
"2023Q1","NBRX","Nurtec","Medicare","PD_MARKET_SHARE",0.532737
"2023Q1","NBRX","Nurtec","Medicare","RJ_RATE",0.360156
"2023Q1","NBRX","Nurtec","Medicare","RV_RATE",0.172258
"2023Q1","NBRX","Nurtec","Medicare","WD",14130
"2023Q1","NBRX","Nurtec","Medicare","WD_MARKET_SHARE",0.503241
"2023Q1","NBRX","Nurtec","Others","FILL_RATE",0.241233
"2023Q1","NBRX","Nurtec","Others","PD_CLAIMS",2621
"2023Q1","NBRX","Nurtec","Others","PD_MARKET_SHARE",0.39936
"2023Q1","NBRX","Nurtec","Others","RJ_RATE",0.314404
"2023Q1","NBRX","Nurtec","Others","RV_RATE",0.444363
"2023Q1","NBRX","Nurtec","Others","WD",10865
"2023Q1","NBRX","Nurtec","Others","WD_MARKET_SHARE",0.510333
"2023Q1","NBRX","Nurtec","Overall","FILL_RATE",0.44098
"2023Q1","NBRX","Nurtec","Overall","PD_CLAIMS",43762
